{
"type": "FeatureCollection",
"name": "dc_ev_stations_final",
"crs": { "type": "name", "properties": { "name": "urn:ogc:def:crs:EPSG::26918" } },
"features": [
{ "type": "Feature", "properties": { "station_name": "One Parking", "street_address": "555 12th St NW", "city": "Washington", "state": "DC", "zip": "20004", "latitude": 38.896703, "longitude": -77.027621, "ev_network": "Non-Networked", "ev_level1_evse_num": null, "ev_level2_evse_num": 13.0, "ev_dc_fast_num": null, "access_code": "public", "facility_type": "PAY_GARAGE" }, "geometry": { "type": "Point", "coordinates": [ 324161.894078851561062, 4307267.826042437925935 ] } },
{ "type": "Feature", "properties": { "station_name": "Florida Power & Light - Washington DC Office", "street_address": "801 Pennsylvania Ave NW", "city": "Washington", "state": "DC", "zip": "20004", "latitude": 38.894354, "longitude": -77.023723, "ev_network": "Non-Networked", "ev_level1_evse_num": null, "ev_level2_evse_num": 1.0, "ev_dc_fast_num": null, "access_code": "private", "facility_type": "UTILITY" }, "geometry": { "type": "Point", "coordinates": [ 324494.179874490713701, 4306999.616670212708414 ] } },
{ "type": "Feature", "properties": { "station_name": "Maritime Plaza", "street_address": "1201 M St SE", "city": "Washington", "state": "DC", "zip": "20003", "latitude": 38.87593, "longitude": -76.989468, "ev_network": "Non-Networked", "ev_level1_evse_num": null, "ev_level2_evse_num": 2.0, "ev_dc_fast_num": null, "access_code": "private", "facility_type": "OFFICE_BLDG" }, "geometry": { "type": "Point", "coordinates": [ 327420.586910402402282, 4304889.504018431529403 ] } },
{ "type": "Feature", "properties": { "station_name": "WASH HARBOUR STATION 1", "street_address": "3000 K St NW", "city": "Washington", "state": "DC", "zip": "20007", "latitude": 38.90178, "longitude": -77.059732, "ev_network": "ChargePoint Network", "ev_level1_evse_num": null, "ev_level2_evse_num": 2.0, "ev_dc_fast_num": null, "access_code": "public", "facility_type": null }, "geometry": { "type": "Point", "coordinates": [ 321389.654818824725226, 4307893.696105766110122 ] } },
{ "type": "Feature", "properties": { "station_name": "TOWER COMPANIES 1828 L ST NW #1", "street_address": "1828 L St NW", "city": "Washington", "state": "DC", "zip": "20036", "latitude": 38.903466, "longitude": -77.042898, "ev_network": "ChargePoint Network", "ev_level1_evse_num": null, "ev_level2_evse_num": 2.0, "ev_dc_fast_num": null, "access_code": "public", "facility_type": null }, "geometry": { "type": "Point", "coordinates": [ 322853.744966342463158, 4308047.978085389360785 ] } },
{ "type": "Feature", "properties": { "station_name": "TOWER COMPANIES 1707 L STREET 1", "street_address": "1707 L St NW", "city": "Washington", "state": "DC", "zip": "20036", "latitude": 38.903979, "longitude": -77.039104, "ev_network": "ChargePoint Network", "ev_level1_evse_num": null, "ev_level2_evse_num": 2.0, "ev_dc_fast_num": null, "access_code": "public", "facility_type": null }, "geometry": { "type": "Point", "coordinates": [ 323184.037632271531038, 4308097.549332388676703 ] } },
{ "type": "Feature", "properties": { "station_name": "Chevy Chase Pavilion", "street_address": "5355 Wisconsin Ave NW", "city": "Washington", "state": "DC", "zip": "20015", "latitude": 38.960472, "longitude": -77.084739, "ev_network": "Non-Networked", "ev_level1_evse_num": null, "ev_level2_evse_num": 2.0, "ev_dc_fast_num": null, "access_code": "public", "facility_type": "PAY_GARAGE" }, "geometry": { "type": "Point", "coordinates": [ 319369.963849270192441, 4314456.927748039364815 ] } },
{ "type": "Feature", "properties": { "station_name": "1212 NEW YORK STATION 1", "street_address": "1212 New York Ave NW", "city": "Washington", "state": "DC", "zip": "20005", "latitude": 38.900028, "longitude": -77.028757, "ev_network": "ChargePoint Network", "ev_level1_evse_num": null, "ev_level2_evse_num": 2.0, "ev_dc_fast_num": null, "access_code": "public", "facility_type": null }, "geometry": { "type": "Point", "coordinates": [ 324071.578238915593829, 4307639.038693004287779 ] } },
{ "type": "Feature", "properties": { "station_name": "CHECK RATES 550 C STREET,SW", "street_address": "550 C St SW", "city": "Washington", "state": "DC", "zip": "20024", "latitude": 38.885599, "longitude": -77.019678, "ev_network": "ChargePoint Network", "ev_level1_evse_num": null, "ev_level2_evse_num": 2.0, "ev_dc_fast_num": null, "access_code": "public", "facility_type": null }, "geometry": { "type": "Point", "coordinates": [ 324823.497706546681002, 4306020.178201572969556 ] } },
{ "type": "Feature", "properties": { "station_name": "JBG SMITH 1717K", "street_address": "1717 K St NW", "city": "Washington", "state": "DC", "zip": "20006", "latitude": 38.902774, "longitude": -77.040063, "ev_network": "ChargePoint Network", "ev_level1_evse_num": null, "ev_level2_evse_num": 2.0, "ev_dc_fast_num": null, "access_code": "public", "facility_type": null }, "geometry": { "type": "Point", "coordinates": [ 323097.881061112333555, 4307965.673325042240322 ] } },
{ "type": "Feature", "properties": { "station_name": "RIVERFRONT DOCK 79 G2 01", "street_address": "79 Potomac Ave SE", "city": "Washington", "state": "DC", "zip": "20003", "latitude": 38.871164, "longitude": -77.006982, "ev_network": "ChargePoint Network", "ev_level1_evse_num": null, "ev_level2_evse_num": 2.0, "ev_dc_fast_num": null, "access_code": "public", "facility_type": null }, "geometry": { "type": "Point", "coordinates": [ 325889.542734466784168, 4304393.830044688656926 ] } },
{ "type": "Feature", "properties": { "station_name": "1255 22ND ST STATION 2", "street_address": "1255 22nd St NW", "city": "Washington", "state": "DC", "zip": "20037", "latitude": 38.906672, "longitude": -77.048363, "ev_network": "ChargePoint Network", "ev_level1_evse_num": null, "ev_level2_evse_num": 1.0, "ev_dc_fast_num": null, "access_code": "public", "facility_type": null }, "geometry": { "type": "Point", "coordinates": [ 322387.806634414533619, 4308414.4250094210729 ] } },
{ "type": "Feature", "properties": { "station_name": "World Bank", "street_address": "1225 Connecticut Ave NW", "city": "Washington", "state": "DC", "zip": "20036", "latitude": 38.907016, "longitude": -77.04111, "ev_network": "EV Connect", "ev_level1_evse_num": null, "ev_level2_evse_num": 2.0, "ev_dc_fast_num": null, "access_code": "private", "facility_type": "OFFICE_BLDG" }, "geometry": { "type": "Point", "coordinates": [ 323017.62084669014439, 4308438.500337440520525 ] } },
{ "type": "Feature", "properties": { "station_name": "World Bank", "street_address": "1818 H S NW", "city": "Washington", "state": "DC", "zip": "20433", "latitude": 38.898455, "longitude": -77.042721, "ev_network": "EV Connect", "ev_level1_evse_num": null, "ev_level2_evse_num": 4.0, "ev_dc_fast_num": null, "access_code": "private", "facility_type": "OFFICE_BLDG" }, "geometry": { "type": "Point", "coordinates": [ 322856.637959128711373, 4307491.492195773869753 ] } },
{ "type": "Feature", "properties": { "station_name": "World Bank", "street_address": "2121 Pennsylvania Ave NW", "city": "Washington", "state": "DC", "zip": "20433", "latitude": 38.901985, "longitude": -77.047703, "ev_network": "EV Connect", "ev_level1_evse_num": null, "ev_level2_evse_num": 4.0, "ev_dc_fast_num": null, "access_code": "private", "facility_type": "OFFICE_BLDG" }, "geometry": { "type": "Point", "coordinates": [ 322433.35947143775411, 4307892.955822386778891 ] } },
{ "type": "Feature", "properties": { "station_name": "JBG - Fort Totten Square", "street_address": "300 Riggs Rd NE", "city": "Washington", "state": "DC", "zip": "20011", "latitude": 38.958255, "longitude": -77.002273, "ev_network": "Blink Network", "ev_level1_evse_num": null, "ev_level2_evse_num": 2.0, "ev_dc_fast_num": null, "access_code": "public", "facility_type": null }, "geometry": { "type": "Point", "coordinates": [ 326510.36323128035292, 4314050.553288700990379 ] } },
{ "type": "Feature", "properties": { "station_name": "Office of Personnel Management", "street_address": "1900 E St NW", "city": "Washington", "state": "DC", "zip": "20415", "latitude": 38.895351, "longitude": -77.044604, "ev_network": "Non-Networked", "ev_level1_evse_num": null, "ev_level2_evse_num": 1.0, "ev_dc_fast_num": null, "access_code": "private", "facility_type": "FED_GOV" }, "geometry": { "type": "Point", "coordinates": [ 322685.608156741946004, 4307150.656516754999757 ] } },
{ "type": "Feature", "properties": { "station_name": "U.S. Department of Commerce", "street_address": "1401 Constitution Ave NW", "city": "Washington", "state": "DC", "zip": "20230", "latitude": 38.8937, "longitude": -77.0329, "ev_network": "Non-Networked", "ev_level1_evse_num": null, "ev_level2_evse_num": 4.0, "ev_dc_fast_num": null, "access_code": "private", "facility_type": "FED_GOV" }, "geometry": { "type": "Point", "coordinates": [ 323696.622724720917176, 4306944.732437876053154 ] } },
{ "type": "Feature", "properties": { "station_name": "U.S. Department of Energy", "street_address": "1000 Independence Ave SW", "city": "Washington", "state": "DC", "zip": "20585", "latitude": 38.887247, "longitude": -77.025459, "ev_network": "Non-Networked", "ev_level1_evse_num": null, "ev_level2_evse_num": 2.0, "ev_dc_fast_num": null, "access_code": "private", "facility_type": "FED_GOV" }, "geometry": { "type": "Point", "coordinates": [ 324326.099559532245621, 4306214.196648241952062 ] } },
{ "type": "Feature", "properties": { "station_name": "U.S. Department of Health & Human Services", "street_address": "330 C St SW", "city": "Washington", "state": "DC", "zip": "20416", "latitude": 38.886836, "longitude": -77.014461, "ev_network": "Non-Networked", "ev_level1_evse_num": 1.0, "ev_level2_evse_num": null, "ev_dc_fast_num": null, "access_code": "private", "facility_type": "FED_GOV" }, "geometry": { "type": "Point", "coordinates": [ 325279.064901477075182, 4306147.4595827171579 ] } },
{ "type": "Feature", "properties": { "station_name": "U.S. Department of Transportation", "street_address": "1200 New Jersey Ave", "city": "Washington", "state": "DC", "zip": "20590", "latitude": 38.905437, "longitude": -77.014852, "ev_network": "Non-Networked", "ev_level1_evse_num": 10.0, "ev_level2_evse_num": 6.0, "ev_dc_fast_num": null, "access_code": "private", "facility_type": "FED_GOV" }, "geometry": { "type": "Point", "coordinates": [ 325290.752281356486492, 4308212.617418550886214 ] } },
{ "type": "Feature", "properties": { "station_name": "World Bank", "street_address": "1850 I St NW", "city": "Washington", "state": "DC", "zip": "20006", "latitude": 38.901029, "longitude": -77.042789, "ev_network": "EV Connect", "ev_level1_evse_num": null, "ev_level2_evse_num": 2.0, "ev_dc_fast_num": null, "access_code": "private", "facility_type": "OFFICE_BLDG" }, "geometry": { "type": "Point", "coordinates": [ 322857.139153974712826, 4307777.297680011950433 ] } },
{ "type": "Feature", "properties": { "station_name": "CARR PROPERTIES P2 6540", "street_address": "1100 15th St NW", "city": "Washington", "state": "DC", "zip": "20005", "latitude": 38.903985, "longitude": -77.034961, "ev_network": "ChargePoint Network", "ev_level1_evse_num": null, "ev_level2_evse_num": 2.0, "ev_dc_fast_num": null, "access_code": "public", "facility_type": null }, "geometry": { "type": "Point", "coordinates": [ 323543.334959302097559, 4308090.189827621914446 ] } },
{ "type": "Feature", "properties": { "station_name": "AMERICAN UNIV WCL STATION 2", "street_address": "4300 Nebraska Ave NW", "city": "Washington", "state": "DC", "zip": "20016", "latitude": 38.945542, "longitude": -77.080461, "ev_network": "ChargePoint Network", "ev_level1_evse_num": null, "ev_level2_evse_num": 2.0, "ev_dc_fast_num": null, "access_code": "public", "facility_type": null }, "geometry": { "type": "Point", "coordinates": [ 319702.817996611469425, 4312791.43561552464962 ] } },
{ "type": "Feature", "properties": { "station_name": "Washington Plaza Hotel - Tesla Destination", "street_address": "10 Thomas Cir NW", "city": "Washington", "state": "DC", "zip": "20005", "latitude": 38.906456, "longitude": -77.031163, "ev_network": "Tesla Destination", "ev_level1_evse_num": null, "ev_level2_evse_num": 18.0, "ev_dc_fast_num": null, "access_code": "public", "facility_type": "HOTEL" }, "geometry": { "type": "Point", "coordinates": [ 323878.807028189592529, 4308357.088898451067507 ] } },
{ "type": "Feature", "properties": { "station_name": "Morrison-Clark Historic Inn & Restaurant - Tesla Destination", "street_address": "1011 L St NW", "city": "Washington", "state": "DC", "zip": "20001", "latitude": 38.904368, "longitude": -77.026727, "ev_network": "Tesla Destination", "ev_level1_evse_num": null, "ev_level2_evse_num": 4.0, "ev_dc_fast_num": null, "access_code": "public", "facility_type": "INN" }, "geometry": { "type": "Point", "coordinates": [ 324258.334478877484798, 4308116.795143171213567 ] } },
{ "type": "Feature", "properties": { "station_name": "The Donovan, a Kimpton Hotel - Tesla Destination", "street_address": "1155 14th St NW", "city": "Washington", "state": "DC", "zip": "20005", "latitude": 38.904958, "longitude": -77.031772, "ev_network": "Tesla Destination", "ev_level1_evse_num": null, "ev_level2_evse_num": 3.0, "ev_dc_fast_num": null, "access_code": "public", "facility_type": "HOTEL" }, "geometry": { "type": "Point", "coordinates": [ 323822.291987263655756, 4308192.011112351901829 ] } },
{ "type": "Feature", "properties": { "station_name": "Park Hyatt Washington - Tesla Destination", "street_address": "1201 24th St NW", "city": "Washington", "state": "DC", "zip": "20037", "latitude": 38.90582, "longitude": -77.051209, "ev_network": "Tesla Destination", "ev_level1_evse_num": null, "ev_level2_evse_num": 4.0, "ev_dc_fast_num": null, "access_code": "public", "facility_type": "HOTEL" }, "geometry": { "type": "Point", "coordinates": [ 322138.882393279403914, 4308325.413909018971026 ] } },
{ "type": "Feature", "properties": { "station_name": "Kimpton Rouge Hotel - Tesla Destination", "street_address": "1315 16th St NW", "city": "Washington", "state": "DC", "zip": "20036", "latitude": 38.908258, "longitude": -77.036037, "ev_network": "Tesla Destination", "ev_level1_evse_num": null, "ev_level2_evse_num": 3.0, "ev_dc_fast_num": null, "access_code": "public", "facility_type": "HOTEL" }, "geometry": { "type": "Point", "coordinates": [ 323460.612339932937175, 4308566.508203114382923 ] } },
{ "type": "Feature", "properties": { "station_name": "Mandarin Oriental, Washington DC - Tesla Destination", "street_address": "1330 Maryland Ave SW", "city": "Washington", "state": "DC", "zip": "20024", "latitude": 38.883828, "longitude": -77.030247, "ev_network": "Tesla Destination", "ev_level1_evse_num": null, "ev_level2_evse_num": 2.0, "ev_dc_fast_num": null, "access_code": "public", "facility_type": "HOTEL" }, "geometry": { "type": "Point", "coordinates": [ 323902.341020083345938, 4305843.974846781231463 ] } },
{ "type": "Feature", "properties": { "station_name": "Kimpton Mason & Rook Hotel - Tesla Destination", "street_address": "1430 Rhode Island Ave", "city": "Washington", "state": "DC", "zip": "20005", "latitude": 38.908429, "longitude": -77.033132, "ev_network": "Tesla Destination", "ev_level1_evse_num": null, "ev_level2_evse_num": 2.0, "ev_dc_fast_num": null, "access_code": "public", "facility_type": "HOTEL" }, "geometry": { "type": "Point", "coordinates": [ 323712.942921990877949, 4308579.865815181285143 ] } },
{ "type": "Feature", "properties": { "station_name": "The Kimpton George Hotel - Tesla Destination", "street_address": "15 E St NW", "city": "Washington", "state": "DC", "zip": "20001", "latitude": 38.896373, "longitude": -77.010017, "ev_network": "Tesla Destination", "ev_level1_evse_num": null, "ev_level2_evse_num": 2.0, "ev_dc_fast_num": null, "access_code": "public", "facility_type": "HOTEL" }, "geometry": { "type": "Point", "coordinates": [ 325687.864638035476673, 4307197.407797837629914 ] } },
{ "type": "Feature", "properties": { "station_name": "Courtyard Washington Embassy Row - Tesla Destination", "street_address": "1600 Rhode Island Ave NW", "city": "Washington", "state": "DC", "zip": "20036", "latitude": 38.906641, "longitude": -77.036861, "ev_network": "Tesla Destination", "ev_level1_evse_num": null, "ev_level2_evse_num": 2.0, "ev_dc_fast_num": null, "access_code": "public", "facility_type": "HOTEL" }, "geometry": { "type": "Point", "coordinates": [ 323385.150407110515516, 4308388.642409142106771 ] } },
{ "type": "Feature", "properties": { "station_name": "Kimpton Carlyle Hotel - Tesla Destination", "street_address": "1731 New Hampshire Ave NW", "city": "Washington", "state": "DC", "zip": "20009", "latitude": 38.913322, "longitude": -77.039525, "ev_network": "Tesla Destination", "ev_level1_evse_num": null, "ev_level2_evse_num": 2.0, "ev_dc_fast_num": null, "access_code": "public", "facility_type": "HOTEL" }, "geometry": { "type": "Point", "coordinates": [ 323170.721223304222804, 4309135.292322651483119 ] } },
{ "type": "Feature", "properties": { "station_name": "One Parking 2000 K - Tesla Destination", "street_address": "2000 K St NW", "city": "Washington", "state": "DC", "zip": "20006", "latitude": 38.902044, "longitude": -77.045324, "ev_network": "Tesla Destination", "ev_level1_evse_num": null, "ev_level2_evse_num": 1.0, "ev_dc_fast_num": null, "access_code": "public", "facility_type": "PARKING_GARAGE" }, "geometry": { "type": "Point", "coordinates": [ 322639.820112117798999, 4307894.874129613861442 ] } },
{ "type": "Feature", "properties": { "station_name": "Embassy Row Hotel - Tesla Destination", "street_address": "2015 Massachusetts Ave NW", "city": "Washington", "state": "DC", "zip": "20036", "latitude": 38.910623, "longitude": -77.045745, "ev_network": "Tesla Destination", "ev_level1_evse_num": null, "ev_level2_evse_num": 4.0, "ev_dc_fast_num": null, "access_code": "public", "facility_type": "HOTEL" }, "geometry": { "type": "Point", "coordinates": [ 322624.670085861580446, 4308847.828029982745647 ] } },
{ "type": "Feature", "properties": { "station_name": "Atlantic Plumbing Building Parking - Tesla Destination", "street_address": "2112 8th St NW", "city": "Washington", "state": "DC", "zip": "20001", "latitude": 38.918283, "longitude": -77.023174, "ev_network": "Tesla Destination", "ev_level1_evse_num": null, "ev_level2_evse_num": 1.0, "ev_dc_fast_num": null, "access_code": "public", "facility_type": "PARKING_GARAGE" }, "geometry": { "type": "Point", "coordinates": [ 324600.716834030579776, 4309654.297656679525971 ] } },
{ "type": "Feature", "properties": { "station_name": "State Plaza Hotel - Tesla Destination", "street_address": "2117 E St NW", "city": "Washington", "state": "DC", "zip": "20037", "latitude": 38.896855, "longitude": -77.047493, "ev_network": "Tesla Destination", "ev_level1_evse_num": null, "ev_level2_evse_num": 4.0, "ev_dc_fast_num": null, "access_code": "public", "facility_type": "HOTEL" }, "geometry": { "type": "Point", "coordinates": [ 322438.789436680381186, 4307323.197519849985838 ] } },
{ "type": "Feature", "properties": { "station_name": "Kimpton Hotel Palomar Washington DC - Tesla Destination", "street_address": "2121 P St NW", "city": "Washington", "state": "DC", "zip": "20037", "latitude": 38.909852, "longitude": -77.047399, "ev_network": "Tesla Destination", "ev_level1_evse_num": null, "ev_level2_evse_num": 2.0, "ev_dc_fast_num": null, "access_code": "public", "facility_type": "HOTEL" }, "geometry": { "type": "Point", "coordinates": [ 322479.32643400831148, 4308765.478153482079506 ] } },
{ "type": "Feature", "properties": { "station_name": "Avenue Suites Georgetown - Tesla Destination", "street_address": "2500 Pennsylvania Ave NW", "city": "Washington", "state": "DC", "zip": "20037", "latitude": 38.903334, "longitude": -77.053614, "ev_network": "Tesla Destination", "ev_level1_evse_num": null, "ev_level2_evse_num": 4.0, "ev_dc_fast_num": null, "access_code": "public", "facility_type": "HOTEL" }, "geometry": { "type": "Point", "coordinates": [ 321924.111562960024457, 4308054.200532677583396 ] } },
{ "type": "Feature", "properties": { "station_name": "Kimpton Glover Park Hotel - Tesla Destination", "street_address": "2505 Wisconsin Ave NW", "city": "Washington", "state": "DC", "zip": "20007", "latitude": 38.92336, "longitude": -77.072855, "ev_network": "Tesla Destination", "ev_level1_evse_num": null, "ev_level2_evse_num": 2.0, "ev_dc_fast_num": null, "access_code": "public", "facility_type": "HOTEL" }, "geometry": { "type": "Point", "coordinates": [ 320306.034736210713163, 4310314.535627107135952 ] } },
{ "type": "Feature", "properties": { "station_name": "The Watergate Hotel - Tesla Destination", "street_address": "2650 Virginia Ave NW", "city": "Washington", "state": "DC", "zip": "20037", "latitude": 38.89936, "longitude": -77.055761, "ev_network": "Tesla Destination", "ev_level1_evse_num": null, "ev_level2_evse_num": 4.0, "ev_dc_fast_num": null, "access_code": "public", "facility_type": "HOTEL" }, "geometry": { "type": "Point", "coordinates": [ 321727.978800407494418, 4307617.343375014141202 ] } },
{ "type": "Feature", "properties": { "station_name": "Four Seasons Washington D.C. - Tesla Destination", "street_address": "2800 Pennsylvania Ave NW", "city": "Washington", "state": "DC", "zip": "20007", "latitude": 38.904437, "longitude": -77.057389, "ev_network": "Tesla Destination", "ev_level1_evse_num": null, "ev_level2_evse_num": 2.0, "ev_dc_fast_num": null, "access_code": "public", "facility_type": "HOTEL" }, "geometry": { "type": "Point", "coordinates": [ 321599.500207484408747, 4308183.995343313552439 ] } },
{ "type": "Feature", "properties": { "station_name": "Hyatt Regency Washington on Capitol Hill - Tesla Destination", "street_address": "400 New Jersey Ave NW", "city": "Washington", "state": "DC", "zip": "20001", "latitude": 38.895083, "longitude": -77.011283, "ev_network": "Tesla Destination", "ev_level1_evse_num": null, "ev_level2_evse_num": 4.0, "ev_dc_fast_num": null, "access_code": "public", "facility_type": "HOTEL" }, "geometry": { "type": "Point", "coordinates": [ 325574.908317671448458, 4307056.659261384047568 ] } },
{ "type": "Feature", "properties": { "station_name": "The Liaison Capitol Hill - Tesla Destination", "street_address": "415 New Jersey Ave NW", "city": "Washington", "state": "DC", "zip": "20001", "latitude": 38.89547, "longitude": -77.010995, "ev_network": "Tesla Destination", "ev_level1_evse_num": null, "ev_level2_evse_num": 4.0, "ev_dc_fast_num": null, "access_code": "public", "facility_type": "HOTEL" }, "geometry": { "type": "Point", "coordinates": [ 325600.833770443568937, 4307099.059199242852628 ] } },
{ "type": "Feature", "properties": { "station_name": "Hilton Garden Inn Washington DC Downtown - Tesla Destination", "street_address": "815 14th St NW", "city": "Washington", "state": "DC", "zip": "20005", "latitude": 38.900701, "longitude": -77.031649, "ev_network": "Tesla Destination", "ev_level1_evse_num": null, "ev_level2_evse_num": 2.0, "ev_dc_fast_num": null, "access_code": "public", "facility_type": "HOTEL" }, "geometry": { "type": "Point", "coordinates": [ 323822.433134673454333, 4307719.314099890179932 ] } },
{ "type": "Feature", "properties": { "station_name": "Embassy Suites by Hilton Convention Center - Tesla Destination", "street_address": "900 10th St NW", "city": "Washington", "state": "DC", "zip": "20001", "latitude": 38.901937, "longitude": -77.026251, "ev_network": "Tesla Destination", "ev_level1_evse_num": null, "ev_level2_evse_num": 3.0, "ev_dc_fast_num": null, "access_code": "public", "facility_type": "HOTEL" }, "geometry": { "type": "Point", "coordinates": [ 324293.618460813770071, 4307846.075657426379621 ] } },
{ "type": "Feature", "properties": { "station_name": "Hampton Inn Washington-Downtown-Convention Center - Tesla Destination", "street_address": "901 6th St NW", "city": "Washington", "state": "DC", "zip": "20001", "latitude": 38.901964, "longitude": -77.019837, "ev_network": "Tesla Destination", "ev_level1_evse_num": null, "ev_level2_evse_num": 1.0, "ev_dc_fast_num": null, "access_code": "public", "facility_type": "HOTEL" }, "geometry": { "type": "Point", "coordinates": [ 324849.924173001316376, 4307836.733263121917844 ] } },
{ "type": "Feature", "properties": { "station_name": "Marriott Marquis Washington D.C. - Tesla Destination", "street_address": "901 Massachusetts Ave NW", "city": "Washington", "state": "DC", "zip": "20001", "latitude": 38.903543, "longitude": -77.024973, "ev_network": "Tesla Destination", "ev_level1_evse_num": null, "ev_level2_evse_num": 3.0, "ev_dc_fast_num": null, "access_code": "public", "facility_type": "HOTEL" }, "geometry": { "type": "Point", "coordinates": [ 324408.407814394391607, 4308021.854301984421909 ] } },
{ "type": "Feature", "properties": { "station_name": "The St. Regis Washington D.C. - Tesla Destination", "street_address": "923 16th St NW", "city": "Washington", "state": "DC", "zip": "20006", "latitude": 38.90213, "longitude": -77.036152, "ev_network": "Tesla Destination", "ev_level1_evse_num": null, "ev_level2_evse_num": 1.0, "ev_dc_fast_num": null, "access_code": "public", "facility_type": "HOTEL" }, "geometry": { "type": "Point", "coordinates": [ 323435.454403972253203, 4307886.619581869803369 ] } },
{ "type": "Feature", "properties": { "station_name": "DBA SONNET DBA SONNET", "street_address": "1441 U St NW", "city": "Washington", "state": "DC", "zip": "20009", "latitude": 38.917066, "longitude": -77.034244, "ev_network": "ChargePoint Network", "ev_level1_evse_num": null, "ev_level2_evse_num": 2.0, "ev_dc_fast_num": null, "access_code": "public", "facility_type": null }, "geometry": { "type": "Point", "coordinates": [ 323637.902593830949627, 4309540.587946362793446 ] } },
{ "type": "Feature", "properties": { "station_name": "United States Park Police - District 1", "street_address": "1200 Ohio Dr SW", "city": "Washington", "state": "DC", "zip": "20242", "latitude": 38.876402, "longitude": -77.034186, "ev_network": "Non-Networked", "ev_level1_evse_num": null, "ev_level2_evse_num": 4.0, "ev_dc_fast_num": null, "access_code": "private", "facility_type": "NATL_PARK" }, "geometry": { "type": "Point", "coordinates": [ 323542.278620701166801, 4305027.420373269356787 ] } },
{ "type": "Feature", "properties": { "station_name": "Naval Facilities Engineering Command - Washington Navy Yard - Building 386", "street_address": "601 M St SE", "city": "Washington", "state": "DC", "zip": "20003", "latitude": 38.8743, "longitude": -76.992371, "ev_network": "Non-Networked", "ev_level1_evse_num": 2.0, "ev_level2_evse_num": 2.0, "ev_dc_fast_num": null, "access_code": "private", "facility_type": "FED_GOV" }, "geometry": { "type": "Point", "coordinates": [ 327164.790301573986653, 4304714.096396342851222 ] } },
{ "type": "Feature", "properties": { "station_name": "1801 K Street NW", "street_address": "1801 K Street NW", "city": "Washington", "state": "DC", "zip": "20006", "latitude": 38.903675, "longitude": -77.041954, "ev_network": "EV Connect", "ev_level1_evse_num": null, "ev_level2_evse_num": 2.0, "ev_dc_fast_num": null, "access_code": "public", "facility_type": null }, "geometry": { "type": "Point", "coordinates": [ 322936.129016882798169, 4308069.340335829183459 ] } },
{ "type": "Feature", "properties": { "station_name": "Verizon - Washington", "street_address": "935 V St NE", "city": "Washington", "state": "DC", "zip": "20018", "latitude": 38.91654, "longitude": -76.992453, "ev_network": "Non-Networked", "ev_level1_evse_num": null, "ev_level2_evse_num": 3.0, "ev_dc_fast_num": null, "access_code": "private", "facility_type": "OFFICE_BLDG" }, "geometry": { "type": "Point", "coordinates": [ 327260.079842836479656, 4309402.191412237472832 ] } },
{ "type": "Feature", "properties": { "station_name": "901 K Street NW - Tesla Destination", "street_address": "901 K St NW", "city": "Washington", "state": "DC", "zip": "20036", "latitude": 38.903059, "longitude": -77.025601, "ev_network": "Tesla Destination", "ev_level1_evse_num": null, "ev_level2_evse_num": 2.0, "ev_dc_fast_num": null, "access_code": "public", "facility_type": "PARKING_GARAGE" }, "geometry": { "type": "Point", "coordinates": [ 324352.754055410507135, 4307969.347503518685699 ] } },
{ "type": "Feature", "properties": { "station_name": "1255 23rd St NW - Tesla Destination", "street_address": "1255 23rd St NW", "city": "Washington", "state": "DC", "zip": "20037", "latitude": 38.906273, "longitude": -77.049854, "ev_network": "Tesla Destination", "ev_level1_evse_num": null, "ev_level2_evse_num": 4.0, "ev_dc_fast_num": null, "access_code": "public", "facility_type": "PARKING_GARAGE" }, "geometry": { "type": "Point", "coordinates": [ 322257.515812875586562, 4308373.047635557129979 ] } },
{ "type": "Feature", "properties": { "station_name": "The Hub - Tesla Destination", "street_address": "1615 L St NW", "city": "Washington", "state": "DC", "zip": "20036", "latitude": 38.904273, "longitude": -77.037481, "ev_network": "Tesla Destination", "ev_level1_evse_num": null, "ev_level2_evse_num": 2.0, "ev_dc_fast_num": null, "access_code": "public", "facility_type": "PARKING_GARAGE" }, "geometry": { "type": "Point", "coordinates": [ 323325.513821952976286, 4308127.032831281423569 ] } },
{ "type": "Feature", "properties": { "station_name": "Foxhall East Inc.", "street_address": "4200 Massachusetts Ave, NW", "city": "Washington", "state": "DC", "zip": "20016", "latitude": 38.9348171, "longitude": -77.0828442, "ev_network": "Blink Network", "ev_level1_evse_num": null, "ev_level2_evse_num": 2.0, "ev_dc_fast_num": null, "access_code": "public", "facility_type": null }, "geometry": { "type": "Point", "coordinates": [ 319469.057474028668366, 4311605.846546672284603 ] } },
{ "type": "Feature", "properties": { "station_name": "531707 Lenkin Co 1625", "street_address": "1625 Massachusetts Avenue Northwest", "city": "Washington", "state": "DC", "zip": "20036", "latitude": 38.9081864, "longitude": -77.0380059, "ev_network": "Blink Network", "ev_level1_evse_num": null, "ev_level2_evse_num": 6.0, "ev_dc_fast_num": null, "access_code": "public", "facility_type": null }, "geometry": { "type": "Point", "coordinates": [ 323289.701276670617517, 4308562.375788752920926 ] } },
{ "type": "Feature", "properties": { "station_name": "1250 Connecticut", "street_address": "1250 Connecticut Avenue, NW", "city": "Washington", "state": "DC", "zip": "20036", "latitude": 38.9068836, "longitude": -77.0423311, "ev_network": "Blink Network", "ev_level1_evse_num": null, "ev_level2_evse_num": 2.0, "ev_dc_fast_num": null, "access_code": "public", "facility_type": null }, "geometry": { "type": "Point", "coordinates": [ 322911.401955485227518, 4308426.176909544505179 ] } },
{ "type": "Feature", "properties": { "station_name": "531713  The Jefferson Building", "street_address": "1225 19th Street Northwest", "city": "Washington", "state": "DC", "zip": "20036", "latitude": 38.9066664, "longitude": -77.0430436, "ev_network": "Blink Network", "ev_level1_evse_num": null, "ev_level2_evse_num": 4.0, "ev_dc_fast_num": null, "access_code": "public", "facility_type": null }, "geometry": { "type": "Point", "coordinates": [ 322849.07608940883074, 4308403.455160240642726 ] } },
{ "type": "Feature", "properties": { "station_name": "Hines - 1200 Nineteenth Street NW", "street_address": "1200 19th Street NW Suite 260", "city": "Washington", "state": "DC", "zip": "20036", "latitude": 38.9060995, "longitude": -77.0438477, "ev_network": "Blink Network", "ev_level1_evse_num": null, "ev_level2_evse_num": 4.0, "ev_dc_fast_num": null, "access_code": "public", "facility_type": null }, "geometry": { "type": "Point", "coordinates": [ 322777.936640972038731, 4308342.10069545917213 ] } },
{ "type": "Feature", "properties": { "station_name": "Holiday Inn Washington DC-Central/White House", "street_address": "1501 Rhode Island Avenue NW", "city": "Washington", "state": "DC", "zip": "20005", "latitude": 38.9079994, "longitude": -77.0347353, "ev_network": "Blink Network", "ev_level1_evse_num": null, "ev_level2_evse_num": 1.0, "ev_dc_fast_num": null, "access_code": "public", "facility_type": null }, "geometry": { "type": "Point", "coordinates": [ 323572.848999531939626, 4308535.288110911846161 ] } },
{ "type": "Feature", "properties": { "station_name": "1200 17th Street NW", "street_address": "1200 17th Street, NW", "city": "Washington", "state": "DC", "zip": "20036", "latitude": 38.9057498, "longitude": -77.0387055, "ev_network": "Blink Network", "ev_level1_evse_num": null, "ev_level2_evse_num": 5.0, "ev_dc_fast_num": null, "access_code": "public", "facility_type": null }, "geometry": { "type": "Point", "coordinates": [ 323222.989373659074772, 4308293.307598498649895 ] } },
{ "type": "Feature", "properties": { "station_name": "1920 L Street", "street_address": "1920 L Street NW", "city": "Washington", "state": "DC", "zip": "20036", "latitude": 38.903492, "longitude": -77.044477, "ev_network": "Blink Network", "ev_level1_evse_num": null, "ev_level2_evse_num": 1.0, "ev_dc_fast_num": null, "access_code": "public", "facility_type": null }, "geometry": { "type": "Point", "coordinates": [ 322716.877095592906699, 4308053.932352193631232 ] } },
{ "type": "Feature", "properties": { "station_name": "1900 L Street", "street_address": "1900 L Street NW", "city": "Washington", "state": "DC", "zip": "20036", "latitude": 38.903492, "longitude": -77.043903, "ev_network": "Blink Network", "ev_level1_evse_num": null, "ev_level2_evse_num": 1.0, "ev_dc_fast_num": null, "access_code": "public", "facility_type": null }, "geometry": { "type": "Point", "coordinates": [ 322766.654972253600135, 4308052.816549029201269 ] } },
{ "type": "Feature", "properties": { "station_name": "1020 19th Street", "street_address": "1020 19th Street NW", "city": "Washington", "state": "DC", "zip": "20036", "latitude": 38.903147, "longitude": -77.043825, "ev_network": "Blink Network", "ev_level1_evse_num": null, "ev_level2_evse_num": 1.0, "ev_dc_fast_num": null, "access_code": "public", "facility_type": null }, "geometry": { "type": "Point", "coordinates": [ 322772.561083947541192, 4308014.37536481115967 ] } },
{ "type": "Feature", "properties": { "station_name": "Eleven Hundred Connecticut Avenue", "street_address": "1100 Connecticut Avenue Northwest", "city": "Washington", "state": "DC", "zip": "20036", "latitude": 38.9039725, "longitude": -77.0405507, "ev_network": "Blink Network", "ev_level1_evse_num": null, "ev_level2_evse_num": 2.0, "ev_dc_fast_num": null, "access_code": "public", "facility_type": null }, "geometry": { "type": "Point", "coordinates": [ 323058.563093470060267, 4308099.6341881044209 ] } },
{ "type": "Feature", "properties": { "station_name": "531706  1667 K Street, NW", "street_address": "1667 K Street Northwest", "city": "Washington", "state": "DC", "zip": "20006", "latitude": 38.9030183, "longitude": -77.0381339, "ev_network": "Blink Network", "ev_level1_evse_num": null, "ev_level2_evse_num": 4.0, "ev_dc_fast_num": null, "access_code": "public", "facility_type": null }, "geometry": { "type": "Point", "coordinates": [ 323265.782148364116438, 4307989.046145707368851 ] } },
{ "type": "Feature", "properties": { "station_name": "531705  1331 F Street, NW", "street_address": "1331 F Street Northwest", "city": "Washington", "state": "DC", "zip": "20004", "latitude": 38.897643, "longitude": -77.0309368, "ev_network": "Blink Network", "ev_level1_evse_num": null, "ev_level2_evse_num": 4.0, "ev_dc_fast_num": null, "access_code": "public", "facility_type": null }, "geometry": { "type": "Point", "coordinates": [ 323876.640618675795849, 4307378.549222003668547 ] } },
{ "type": "Feature", "properties": { "station_name": "10 G Street, NE", "street_address": "10 G St, NE", "city": "Washington", "state": "DC", "zip": "20002", "latitude": 38.8998373, "longitude": -77.0071072, "ev_network": "Blink Network", "ev_level1_evse_num": null, "ev_level2_evse_num": 1.0, "ev_dc_fast_num": null, "access_code": "public", "facility_type": null }, "geometry": { "type": "Point", "coordinates": [ 325948.69049601315055, 4307576.33115962240845 ] } },
{ "type": "Feature", "properties": { "station_name": "Lexington/Market Sq Parking Garage", "street_address": "401 9th St NW & D St NW", "city": "Washington", "state": "DC", "zip": "20004", "latitude": 38.89475995, "longitude": -77.02395767, "ev_network": "Blink Network", "ev_level1_evse_num": null, "ev_level2_evse_num": 2.0, "ev_dc_fast_num": null, "access_code": "public", "facility_type": null }, "geometry": { "type": "Point", "coordinates": [ 324474.826205420831684, 4307045.122168699279428 ] } },
{ "type": "Feature", "properties": { "station_name": "122 C Street", "street_address": "122 C Street NW", "city": "Washington", "state": "DC", "zip": "20001", "latitude": 38.893317, "longitude": -77.013021, "ev_network": "Blink Network", "ev_level1_evse_num": null, "ev_level2_evse_num": 1.0, "ev_dc_fast_num": null, "access_code": "public", "facility_type": null }, "geometry": { "type": "Point", "coordinates": [ 325419.844493863987736, 4306863.98734269104898 ] } },
{ "type": "Feature", "properties": { "station_name": "375 - Patriots Plaza", "street_address": "375 E Street Southwest", "city": "Washington", "state": "DC", "zip": "20024", "latitude": 38.8840361, "longitude": -77.0169844, "ev_network": "Blink Network", "ev_level1_evse_num": null, "ev_level2_evse_num": 2.0, "ev_dc_fast_num": null, "access_code": "public", "facility_type": null }, "geometry": { "type": "Point", "coordinates": [ 325053.312614620430395, 4305841.552836552262306 ] } },
{ "type": "Feature", "properties": { "station_name": "355 - Patriots Plaza", "street_address": "355 E Street Southwest", "city": "Washington", "state": "DC", "zip": "20024", "latitude": 38.8837304, "longitude": -77.0165323, "ev_network": "Blink Network", "ev_level1_evse_num": null, "ev_level2_evse_num": 2.0, "ev_dc_fast_num": null, "access_code": "public", "facility_type": null }, "geometry": { "type": "Point", "coordinates": [ 325091.779874536441639, 4305806.758251003921032 ] } },
{ "type": "Feature", "properties": { "station_name": "United States Park Police - District 3", "street_address": "5200 Glover Rd NW", "city": "Washington", "state": "DC", "zip": "20015", "latitude": 38.959925, "longitude": -77.051688, "ev_network": "Non-Networked", "ev_level1_evse_num": null, "ev_level2_evse_num": 2.0, "ev_dc_fast_num": null, "access_code": "private", "facility_type": "NATL_PARK" }, "geometry": { "type": "Point", "coordinates": [ 322232.526615007896908, 4314331.186798240989447 ] } },
{ "type": "Feature", "properties": { "station_name": "United States Park Police - District 5", "street_address": "901 Anacostia Dr SE", "city": "Washington", "state": "DC", "zip": "20019", "latitude": 38.8669127, "longitude": -76.9965994, "ev_network": "Non-Networked", "ev_level1_evse_num": null, "ev_level2_evse_num": 2.0, "ev_dc_fast_num": null, "access_code": "private", "facility_type": "NATL_PARK" }, "geometry": { "type": "Point", "coordinates": [ 326780.014285614946857, 4303902.248965553939342 ] } },
{ "type": "Feature", "properties": { "station_name": "Rock Creek National Park - Klingle Mansion", "street_address": "3545 Williamsburg Ln NW", "city": "Washington", "state": "DC", "zip": "20008", "latitude": 38.935967, "longitude": -77.049989, "ev_network": "Non-Networked", "ev_level1_evse_num": null, "ev_level2_evse_num": 4.0, "ev_dc_fast_num": null, "access_code": "private", "facility_type": "NATL_PARK" }, "geometry": { "type": "Point", "coordinates": [ 322319.91943593067117, 4311668.890108123421669 ] } },
{ "type": "Feature", "properties": { "station_name": "Lenkin 1133A, Lenkin 1133B", "street_address": "1133 Connecticut Avenue Northwest", "city": "Washington", "state": "DC", "zip": "20036", "latitude": 38.9049056, "longitude": -77.0401315, "ev_network": "Blink Network", "ev_level1_evse_num": null, "ev_level2_evse_num": 2.0, "ev_dc_fast_num": null, "access_code": "public", "facility_type": null }, "geometry": { "type": "Point", "coordinates": [ 323097.23307503934484, 4308202.380252252332866 ] } },
{ "type": "Feature", "properties": { "station_name": "Lenkin 1050A, Lenkin 1050B", "street_address": "1050 K Street Northwest", "city": "Washington", "state": "DC", "zip": "20001", "latitude": 38.9021405, "longitude": -77.0267154, "ev_network": "Blink Network", "ev_level1_evse_num": null, "ev_level2_evse_num": 2.0, "ev_dc_fast_num": null, "access_code": "public", "facility_type": null }, "geometry": { "type": "Point", "coordinates": [ 324253.846340260934085, 4307869.55581909045577 ] } },
{ "type": "Feature", "properties": { "station_name": "Rosewood Washington D.C. - Tesla Destination", "street_address": "1050 31st Street NW", "city": "Washington", "state": "DC", "zip": "20007", "latitude": 38.903912, "longitude": -77.061216, "ev_network": "Tesla Destination", "ev_level1_evse_num": null, "ev_level2_evse_num": 2.0, "ev_dc_fast_num": null, "access_code": "public", "facility_type": null }, "geometry": { "type": "Point", "coordinates": [ 321266.305530310666654, 4308133.222893507219851 ] } },
{ "type": "Feature", "properties": { "station_name": "Capella Washington, D.C. - Tesla Destination", "street_address": "1050 31st St NW", "city": "Washington", "state": "DC", "zip": "20007", "latitude": 38.904031, "longitude": -77.061463, "ev_network": "Tesla Destination", "ev_level1_evse_num": null, "ev_level2_evse_num": 3.0, "ev_dc_fast_num": null, "access_code": "public", "facility_type": null }, "geometry": { "type": "Point", "coordinates": [ 321245.184064888395369, 4308146.914237101562321 ] } },
{ "type": "Feature", "properties": { "station_name": "1501 New York Ave NE - Tesla Destination", "street_address": "1501 New York Ave NE", "city": "Washington", "state": "DC", "zip": "20002", "latitude": 38.915614, "longitude": -76.983038, "ev_network": "Tesla Destination", "ev_level1_evse_num": null, "ev_level2_evse_num": 3.0, "ev_dc_fast_num": null, "access_code": "public", "facility_type": null }, "geometry": { "type": "Point", "coordinates": [ 328074.167403984232806, 4309281.622818016447127 ] } },
{ "type": "Feature", "properties": { "station_name": "Columbia Center - Tesla Destination", "street_address": "1152 15th St NW", "city": "Washington", "state": "DC", "zip": "20005", "latitude": 38.90493, "longitude": -77.035048, "ev_network": "Tesla Destination", "ev_level1_evse_num": null, "ev_level2_evse_num": 1.0, "ev_dc_fast_num": null, "access_code": "public", "facility_type": null }, "geometry": { "type": "Point", "coordinates": [ 323538.130770420015324, 4308195.238247262313962 ] } },
{ "type": "Feature", "properties": { "station_name": "1875 K Street - Tesla Destination", "street_address": "1875 K St NW", "city": "Washington", "state": "DC", "zip": "20036", "latitude": 38.902991, "longitude": -77.043045, "ev_network": "Tesla Destination", "ev_level1_evse_num": null, "ev_level2_evse_num": 2.0, "ev_dc_fast_num": null, "access_code": "public", "facility_type": null }, "geometry": { "type": "Point", "coordinates": [ 322839.815942603861913, 4307995.546132808551192 ] } },
{ "type": "Feature", "properties": { "station_name": "1700 New York Avenue - Tesla Destination", "street_address": "1700 New York Ave", "city": "Washington", "state": "DC", "zip": "20006", "latitude": 38.896069, "longitude": -77.040275, "ev_network": "Tesla Destination", "ev_level1_evse_num": null, "ev_level2_evse_num": 2.0, "ev_dc_fast_num": null, "access_code": "public", "facility_type": null }, "geometry": { "type": "Point", "coordinates": [ 323062.848886471241713, 4307221.935671676881611 ] } },
{ "type": "Feature", "properties": { "station_name": "INTERPARK PENN QTR1", "street_address": "616 E St NW", "city": "Washington", "state": "DC", "zip": "20004", "latitude": 38.896423, "longitude": -77.02124, "ev_network": "ChargePoint Network", "ev_level1_evse_num": null, "ev_level2_evse_num": 2.0, "ev_dc_fast_num": null, "access_code": "public", "facility_type": null }, "geometry": { "type": "Point", "coordinates": [ 324714.623715953610372, 4307224.467151384800673 ] } },
{ "type": "Feature", "properties": { "station_name": "531714 - 799 9th Street", "street_address": "799 9th Street NW, Suite 102", "city": "Washington", "state": "DC", "zip": "20001", "latitude": 38.899515, "longitude": -77.023468, "ev_network": "Blink Network", "ev_level1_evse_num": null, "ev_level2_evse_num": 6.0, "ev_dc_fast_num": null, "access_code": "public", "facility_type": null }, "geometry": { "type": "Point", "coordinates": [ 324529.003861867415253, 4307571.913891335017979 ] } },
{ "type": "Feature", "properties": { "station_name": "Lincoln Square - 555 11th Street NW", "street_address": "555 11th Street Northwest", "city": "Washington", "state": "DC", "zip": "20004", "latitude": 38.8967861, "longitude": -77.0264518, "ev_network": "Blink Network", "ev_level1_evse_num": null, "ev_level2_evse_num": 4.0, "ev_dc_fast_num": null, "access_code": "public", "facility_type": null }, "geometry": { "type": "Point", "coordinates": [ 324263.502667310647666, 4307274.795199660584331 ] } },
{ "type": "Feature", "properties": { "station_name": "77 H CHARGING CHARGING 1", "street_address": "99 H St NW", "city": "Washington", "state": "DC", "zip": "20001", "latitude": 38.90033, "longitude": -77.012085, "ev_network": "ChargePoint Network", "ev_level1_evse_num": null, "ev_level2_evse_num": 2.0, "ev_dc_fast_num": null, "access_code": "public", "facility_type": null }, "geometry": { "type": "Point", "coordinates": [ 325518.19667819107417, 4307640.525056985206902 ] } },
{ "type": "Feature", "properties": { "station_name": "Georgetown Safeway - Tesla Supercharger", "street_address": "1855 Wisconsin Ave NW", "city": "Washington", "state": "DC", "zip": "20007", "latitude": 38.915985, "longitude": -77.067573, "ev_network": "Tesla", "ev_level1_evse_num": null, "ev_level2_evse_num": null, "ev_dc_fast_num": 8.0, "access_code": "public", "facility_type": "GROCERY" }, "geometry": { "type": "Point", "coordinates": [ 320745.404903394286521, 4309485.621667099185288 ] } },
{ "type": "Feature", "properties": { "station_name": "QuikPark Inc.", "street_address": "560 13th St NW", "city": "Washington", "state": "DC", "zip": "20045", "latitude": 38.896748, "longitude": -77.029685, "ev_network": "EV Connect", "ev_level1_evse_num": null, "ev_level2_evse_num": 5.0, "ev_dc_fast_num": null, "access_code": "public", "facility_type": null }, "geometry": { "type": "Point", "coordinates": [ 323982.9962889989838, 4307276.801813556812704 ] } },
{ "type": "Feature", "properties": { "station_name": "Walmart 5968 (Washington, DC)", "street_address": "5929 Georgia Ave NW", "city": "Washington", "state": "DC", "zip": "20011", "latitude": 38.96148, "longitude": -77.02679, "ev_network": "Electrify America", "ev_level1_evse_num": null, "ev_level2_evse_num": 1.0, "ev_dc_fast_num": 3.0, "access_code": "public", "facility_type": null }, "geometry": { "type": "Point", "coordinates": [ 324393.833024632185698, 4314455.465864634141326 ] } },
{ "type": "Feature", "properties": { "station_name": "Whole Foods - DC", "street_address": "965 Florida Ave NW", "city": "Washington", "state": "DC", "zip": "20001", "latitude": 38.919526, "longitude": -77.024665, "ev_network": "Blink Network", "ev_level1_evse_num": null, "ev_level2_evse_num": 2.0, "ev_dc_fast_num": null, "access_code": "public", "facility_type": null }, "geometry": { "type": "Point", "coordinates": [ 324474.506758417526726, 4309795.121031596325338 ] } },
{ "type": "Feature", "properties": { "station_name": "JBG - The Foundry", "street_address": "1055 Thomas Jefferson St NW", "city": "Washington", "state": "DC", "zip": "20007", "latitude": 38.903686, "longitude": -77.059528, "ev_network": "Blink Network", "ev_level1_evse_num": null, "ev_level2_evse_num": 1.0, "ev_dc_fast_num": null, "access_code": "public", "facility_type": null }, "geometry": { "type": "Point", "coordinates": [ 321412.123630239977501, 4308104.83305539470166 ] } },
{ "type": "Feature", "properties": { "station_name": "20 M St. Parking", "street_address": "20 M St. SE", "city": "Washington", "state": "DC", "zip": "20003", "latitude": 38.876829, "longitude": -77.007855, "ev_network": "Blink Network", "ev_level1_evse_num": null, "ev_level2_evse_num": 1.0, "ev_dc_fast_num": null, "access_code": "public", "facility_type": null }, "geometry": { "type": "Point", "coordinates": [ 325827.634889150038362, 4305024.216414794325829 ] } },
{ "type": "Feature", "properties": { "station_name": "500 LEnfant Plaza", "street_address": "500 L'Enfant Plaza SW", "city": "Washington", "state": "DC", "zip": "20024", "latitude": 38.883395, "longitude": -77.0234, "ev_network": "Blink Network", "ev_level1_evse_num": null, "ev_level2_evse_num": 4.0, "ev_dc_fast_num": null, "access_code": "public", "facility_type": null }, "geometry": { "type": "Point", "coordinates": [ 324495.216834590188228, 4305782.724149591289461 ] } },
{ "type": "Feature", "properties": { "station_name": "JBG 2101 L Street - B1", "street_address": "2101 L Street", "city": "Washington", "state": "DC", "zip": "20037", "latitude": 38.90394, "longitude": -77.04772, "ev_network": "Blink Network", "ev_level1_evse_num": null, "ev_level2_evse_num": 1.0, "ev_dc_fast_num": null, "access_code": "public", "facility_type": null }, "geometry": { "type": "Point", "coordinates": [ 322436.757153086364269, 4308109.963333178311586 ] } },
{ "type": "Feature", "properties": { "station_name": "WATERMARK DC STATION 3", "street_address": "1900 Half St SW", "city": "Washington", "state": "DC", "zip": "20593", "latitude": 38.866563, "longitude": -77.009695, "ev_network": "ChargePoint Network", "ev_level1_evse_num": null, "ev_level2_evse_num": 2.0, "ev_dc_fast_num": null, "access_code": "public", "facility_type": null }, "geometry": { "type": "Point", "coordinates": [ 325642.918404478929006, 4303888.376177844591439 ] } },
{ "type": "Feature", "properties": { "station_name": "City Center Hines", "street_address": "870 9th Street Northwest", "city": "Washington", "state": "DC", "zip": "20001", "latitude": 38.9005843, "longitude": -77.0244732, "ev_network": "Blink Network", "ev_level1_evse_num": null, "ev_level2_evse_num": 20.0, "ev_dc_fast_num": null, "access_code": "public", "facility_type": null }, "geometry": { "type": "Point", "coordinates": [ 324444.461539435549639, 4307692.523650974035263 ] } },
{ "type": "Feature", "properties": { "station_name": "MOF II STATION #1", "street_address": "1000 First St SE", "city": "Washington", "state": "DC", "zip": "20003", "latitude": 38.877943, "longitude": -77.00554, "ev_network": "ChargePoint Network", "ev_level1_evse_num": null, "ev_level2_evse_num": 2.0, "ev_dc_fast_num": null, "access_code": "public", "facility_type": null }, "geometry": { "type": "Point", "coordinates": [ 326031.185672528343275, 4305143.435195003636181 ] } },
{ "type": "Feature", "properties": { "station_name": "1155 F Street - Tesla Destination", "street_address": "1155 F Street NW", "city": "Washington", "state": "DC", "zip": "20004", "latitude": 38.897369, "longitude": -77.027616, "ev_network": "Tesla Destination", "ev_level1_evse_num": null, "ev_level2_evse_num": 3.0, "ev_dc_fast_num": null, "access_code": "private", "facility_type": null }, "geometry": { "type": "Point", "coordinates": [ 324163.970909458352253, 4307341.731718103401363 ] } },
{ "type": "Feature", "properties": { "station_name": "Alexander Court - Tesla Destination", "street_address": "2001 K St NW", "city": "Washington", "state": "DC", "zip": "20006", "latitude": 38.903646, "longitude": -77.04548, "ev_network": "Tesla Destination", "ev_level1_evse_num": null, "ev_level2_evse_num": 4.0, "ev_dc_fast_num": null, "access_code": "private", "facility_type": null }, "geometry": { "type": "Point", "coordinates": [ 322630.27924542746041, 4308072.974431426264346 ] } },
{ "type": "Feature", "properties": { "station_name": "International Monetary Fund - Tesla Destination", "street_address": "1900 Pennsylvania Ave NW", "city": "Washington", "state": "DC", "zip": "20431", "latitude": 38.899966, "longitude": -77.044321, "ev_network": "Tesla Destination", "ev_level1_evse_num": null, "ev_level2_evse_num": 4.0, "ev_dc_fast_num": null, "access_code": "private", "facility_type": null }, "geometry": { "type": "Point", "coordinates": [ 322721.633423115999904, 4307662.298496210947633 ] } },
{ "type": "Feature", "properties": { "station_name": "The Residences at the Ritz-Carlton, Washington D.C. - Tesla Destination", "street_address": "1111 23rd St", "city": "Washington", "state": "DC", "zip": "20037", "latitude": 38.904875, "longitude": -77.050069, "ev_network": "Tesla Destination", "ev_level1_evse_num": null, "ev_level2_evse_num": 1.0, "ev_dc_fast_num": null, "access_code": "public", "facility_type": null }, "geometry": { "type": "Point", "coordinates": [ 322235.383408698893618, 4308218.310532938688993 ] } },
{ "type": "Feature", "properties": { "station_name": "The Ritz-Carlton, Georgetown - Tesla Destination", "street_address": "3100 South Street NW", "city": "Washington", "state": "DC", "zip": "20007", "latitude": 38.903413, "longitude": -77.061943, "ev_network": "Tesla Destination", "ev_level1_evse_num": null, "ev_level2_evse_num": 2.0, "ev_dc_fast_num": null, "access_code": "public", "facility_type": null }, "geometry": { "type": "Point", "coordinates": [ 321202.007357841299381, 4308079.266852383501828 ] } },
{ "type": "Feature", "properties": { "station_name": "Watergate Office Building - Tesla Destination", "street_address": "2600 Virginia Avenue NW", "city": "Washington", "state": "DC", "zip": "20037", "latitude": 38.899593, "longitude": -77.055597, "ev_network": "Tesla Destination", "ev_level1_evse_num": null, "ev_level2_evse_num": 8.0, "ev_dc_fast_num": null, "access_code": "private", "facility_type": null }, "geometry": { "type": "Point", "coordinates": [ 321742.784739375754725, 4307642.88215796276927 ] } },
{ "type": "Feature", "properties": { "station_name": "Dakota Crossing - Tesla Supercharger", "street_address": "2438 Market Street NE", "city": "Washington", "state": "DC", "zip": "20018", "latitude": 38.922189, "longitude": -76.953047, "ev_network": "Tesla", "ev_level1_evse_num": null, "ev_level2_evse_num": null, "ev_dc_fast_num": 12.0, "access_code": "public", "facility_type": "SHOPPING_MALL" }, "geometry": { "type": "Point", "coordinates": [ 330690.181715325801633, 4309955.206843712367117 ] } },
{ "type": "Feature", "properties": { "station_name": "WASH HARBOUR STATION 2", "street_address": "3000 K St NW", "city": "Washington", "state": "DC", "zip": "20007", "latitude": 38.901724, "longitude": -77.059446, "ev_network": "ChargePoint Network", "ev_level1_evse_num": null, "ev_level2_evse_num": 2.0, "ev_dc_fast_num": null, "access_code": "public", "facility_type": null }, "geometry": { "type": "Point", "coordinates": [ 321414.317332015780266, 4307886.920830232091248 ] } },
{ "type": "Feature", "properties": { "station_name": "RIVERFRONT DOCK 79 G1 01", "street_address": "79 Potomac Ave SE", "city": "Washington", "state": "DC", "zip": "20003", "latitude": 38.871181, "longitude": -77.007125, "ev_network": "ChargePoint Network", "ev_level1_evse_num": null, "ev_level2_evse_num": 2.0, "ev_dc_fast_num": null, "access_code": "public", "facility_type": null }, "geometry": { "type": "Point", "coordinates": [ 325877.17755171621684, 4304395.989615804515779 ] } },
{ "type": "Feature", "properties": { "station_name": "RIVERFRONT DOCK 79 G2 02", "street_address": "79 Potomac Ave SE", "city": "Washington", "state": "DC", "zip": "20003", "latitude": 38.87116, "longitude": -77.006955, "ev_network": "ChargePoint Network", "ev_level1_evse_num": null, "ev_level2_evse_num": 2.0, "ev_dc_fast_num": null, "access_code": "public", "facility_type": null }, "geometry": { "type": "Point", "coordinates": [ 325891.875491296057589, 4304393.334595660679042 ] } },
{ "type": "Feature", "properties": { "station_name": "RIVERFRONT DOCK 79 G1 02", "street_address": "79 Potomac Ave SE", "city": "Washington", "state": "DC", "zip": "20003", "latitude": 38.871203, "longitude": -77.007075, "ev_network": "ChargePoint Network", "ev_level1_evse_num": null, "ev_level2_evse_num": 2.0, "ev_dc_fast_num": null, "access_code": "public", "facility_type": null }, "geometry": { "type": "Point", "coordinates": [ 325881.569248717918526, 4304398.335840275511146 ] } },
{ "type": "Feature", "properties": { "station_name": "1255 22ND ST STATION 1", "street_address": "1255 22nd St NW", "city": "Washington", "state": "DC", "zip": "20037", "latitude": 38.906676, "longitude": -77.048355, "ev_network": "ChargePoint Network", "ev_level1_evse_num": null, "ev_level2_evse_num": 2.0, "ev_dc_fast_num": null, "access_code": "public", "facility_type": null }, "geometry": { "type": "Point", "coordinates": [ 322388.51034424547106, 4308414.853363720700145 ] } },
{ "type": "Feature", "properties": { "station_name": "CARR PROPERTIES P1 62EE", "street_address": "1100 15th St NW", "city": "Washington", "state": "DC", "zip": "20005", "latitude": 38.903968, "longitude": -77.034951, "ev_network": "ChargePoint Network", "ev_level1_evse_num": null, "ev_level2_evse_num": 2.0, "ev_dc_fast_num": null, "access_code": "public", "facility_type": null }, "geometry": { "type": "Point", "coordinates": [ 323544.160061205038801, 4308088.283745304681361 ] } },
{ "type": "Feature", "properties": { "station_name": "CARR PROPERTIES P1 62F1", "street_address": "1100 15th St NW", "city": "Washington", "state": "DC", "zip": "20005", "latitude": 38.903976, "longitude": -77.034963, "ev_network": "ChargePoint Network", "ev_level1_evse_num": null, "ev_level2_evse_num": 2.0, "ev_dc_fast_num": null, "access_code": "public", "facility_type": null }, "geometry": { "type": "Point", "coordinates": [ 323543.139229512482416, 4308089.194840252399445 ] } },
{ "type": "Feature", "properties": { "station_name": "CARR PROPERTIES P2 6256", "street_address": "1100 15th St NW", "city": "Washington", "state": "DC", "zip": "20005", "latitude": 38.903969, "longitude": -77.034963, "ev_network": "ChargePoint Network", "ev_level1_evse_num": null, "ev_level2_evse_num": 2.0, "ev_dc_fast_num": null, "access_code": "public", "facility_type": null }, "geometry": { "type": "Point", "coordinates": [ 323543.121893530827947, 4308088.417950986884534 ] } },
{ "type": "Feature", "properties": { "station_name": "CARR PROPERTIES P3 62E1", "street_address": "1100 15th St NW", "city": "Washington", "state": "DC", "zip": "20005", "latitude": 38.90393, "longitude": -77.034964, "ev_network": "ChargePoint Network", "ev_level1_evse_num": null, "ev_level2_evse_num": 2.0, "ev_dc_fast_num": null, "access_code": "public", "facility_type": null }, "geometry": { "type": "Point", "coordinates": [ 323542.938586996169761, 4308084.091503074392676 ] } },
{ "type": "Feature", "properties": { "station_name": "CARR PROPERTIES P2 5A9F", "street_address": "1100 15th St NW", "city": "Washington", "state": "DC", "zip": "20005", "latitude": 38.903977, "longitude": -77.034947, "ev_network": "ChargePoint Network", "ev_level1_evse_num": null, "ev_level2_evse_num": 1.0, "ev_dc_fast_num": null, "access_code": "public", "facility_type": null }, "geometry": { "type": "Point", "coordinates": [ 323544.529231562861241, 4308089.274862460792065 ] } },
{ "type": "Feature", "properties": { "station_name": "CARR PROPERTIES P3 5A5C", "street_address": "1100 15th St NW", "city": "Washington", "state": "DC", "zip": "20005", "latitude": 38.903941, "longitude": -77.034977, "ev_network": "ChargePoint Network", "ev_level1_evse_num": null, "ev_level2_evse_num": 1.0, "ev_dc_fast_num": null, "access_code": "public", "facility_type": null }, "geometry": { "type": "Point", "coordinates": [ 323541.838464219355956, 4308085.33748584613204 ] } },
{ "type": "Feature", "properties": { "station_name": "CARR PROPERTIES P3 553A", "street_address": "1100 15th St NW", "city": "Washington", "state": "DC", "zip": "20005", "latitude": 38.903926, "longitude": -77.034959, "ev_network": "ChargePoint Network", "ev_level1_evse_num": null, "ev_level2_evse_num": 1.0, "ev_dc_fast_num": null, "access_code": "public", "facility_type": null }, "geometry": { "type": "Point", "coordinates": [ 323543.362282748683356, 4308083.63789070956409 ] } },
{ "type": "Feature", "properties": { "station_name": "CARR PROPERTIES P2 5774", "street_address": "1100 15th St NW", "city": "Washington", "state": "DC", "zip": "20005", "latitude": 38.903987, "longitude": -77.034926, "ev_network": "ChargePoint Network", "ev_level1_evse_num": null, "ev_level2_evse_num": 1.0, "ev_dc_fast_num": null, "access_code": "public", "facility_type": null }, "geometry": { "type": "Point", "coordinates": [ 323546.375123993260786, 4308090.344067047350109 ] } },
{ "type": "Feature", "properties": { "station_name": "CARR PROPERTIES P1 652A", "street_address": "1100 15th St NW", "city": "Washington", "state": "DC", "zip": "20005", "latitude": 38.90397, "longitude": -77.034989, "ev_network": "ChargePoint Network", "ev_level1_evse_num": null, "ev_level2_evse_num": 2.0, "ev_dc_fast_num": null, "access_code": "public", "facility_type": null }, "geometry": { "type": "Point", "coordinates": [ 323540.869640967051964, 4308088.579248889349401 ] } },
{ "type": "Feature", "properties": { "station_name": "CARR PROPERTIES P3 652B", "street_address": "1100 15th St NW", "city": "Washington", "state": "DC", "zip": "20005", "latitude": 38.903974, "longitude": -77.034952, "ev_network": "ChargePoint Network", "ev_level1_evse_num": null, "ev_level2_evse_num": 2.0, "ev_dc_fast_num": null, "access_code": "public", "facility_type": null }, "geometry": { "type": "Point", "coordinates": [ 323544.08820018323604, 4308088.951585507951677 ] } },
{ "type": "Feature", "properties": { "station_name": "WATERMARK DC STATION 2", "street_address": "1900 Half St SW", "city": "Washington", "state": "DC", "zip": "20593", "latitude": 38.866546, "longitude": -77.009952, "ev_network": "ChargePoint Network", "ev_level1_evse_num": null, "ev_level2_evse_num": 2.0, "ev_dc_fast_num": null, "access_code": "public", "facility_type": null }, "geometry": { "type": "Point", "coordinates": [ 325620.578090397117194, 4303886.980501935817301 ] } },
{ "type": "Feature", "properties": { "station_name": "WATERMARK DC STATION 6", "street_address": "1900 Half St SW", "city": "Washington", "state": "DC", "zip": "20593", "latitude": 38.866563, "longitude": -77.009899, "ev_network": "ChargePoint Network", "ev_level1_evse_num": null, "ev_level2_evse_num": 2.0, "ev_dc_fast_num": null, "access_code": "public", "facility_type": null }, "geometry": { "type": "Point", "coordinates": [ 325625.218218068243004, 4303888.765946319326758 ] } },
{ "type": "Feature", "properties": { "station_name": "WATERMARK DC STATION 4", "street_address": "1900 Half St SW", "city": "Washington", "state": "DC", "zip": "20593", "latitude": 38.866563, "longitude": -77.009813, "ev_network": "ChargePoint Network", "ev_level1_evse_num": null, "ev_level2_evse_num": 2.0, "ev_dc_fast_num": null, "access_code": "public", "facility_type": null }, "geometry": { "type": "Point", "coordinates": [ 325632.680061417457182, 4303888.601627329364419 ] } },
{ "type": "Feature", "properties": { "station_name": "WATERMARK DC STATION 5", "street_address": "1900 Half St SW", "city": "Washington", "state": "DC", "zip": "20593", "latitude": 38.866563, "longitude": -77.009867, "ev_network": "ChargePoint Network", "ev_level1_evse_num": null, "ev_level2_evse_num": 2.0, "ev_dc_fast_num": null, "access_code": "public", "facility_type": null }, "geometry": { "type": "Point", "coordinates": [ 325627.99471792858094, 4303888.704803547821939 ] } },
{ "type": "Feature", "properties": { "station_name": "WATERMARK DC STATION 1", "street_address": "1900 Half St SW", "city": "Washington", "state": "DC", "zip": "20593", "latitude": 38.866571, "longitude": -77.00977, "ev_network": "ChargePoint Network", "ev_level1_evse_num": null, "ev_level2_evse_num": 2.0, "ev_dc_fast_num": null, "access_code": "public", "facility_type": null }, "geometry": { "type": "Point", "coordinates": [ 325636.430534116865601, 4303889.407335981726646 ] } },
{ "type": "Feature", "properties": { "station_name": "FMS2", "street_address": "2796 Mitcher Rd SW", "city": "Anacostia Naval Station", "state": "DC", "zip": "20373", "latitude": 38.858158, "longitude": -77.011997, "ev_network": "Non-Networked", "ev_level1_evse_num": null, "ev_level2_evse_num": 1.0, "ev_dc_fast_num": null, "access_code": "private", "facility_type": "FED_GOV" }, "geometry": { "type": "Point", "coordinates": [ 325422.62219118559733, 4302959.963365443982184 ] } },
{ "type": "Feature", "properties": { "station_name": "NAC Motorpool", "street_address": "Nebraska Ave", "city": "Washington", "state": "DC", "zip": "20016", "latitude": 38.939071, "longitude": -77.085791, "ev_network": "Non-Networked", "ev_level1_evse_num": null, "ev_level2_evse_num": 1.0, "ev_dc_fast_num": 2.0, "access_code": "private", "facility_type": "FED_GOV" }, "geometry": { "type": "Point", "coordinates": [ 319224.425323782605119, 4312083.80995271820575 ] } },
{ "type": "Feature", "properties": { "station_name": "FAA - Headquarters Office Building (HDQ 10A)", "street_address": "800 Independence Ave SW", "city": "Washington", "state": "DC", "zip": "20591", "latitude": 38.88691383347291, "longitude": -77.022699373077401, "ev_network": "Non-Networked", "ev_level1_evse_num": null, "ev_level2_evse_num": 1.0, "ev_dc_fast_num": null, "access_code": "private", "facility_type": "FED_GOV" }, "geometry": { "type": "Point", "coordinates": [ 324564.651417485962156, 4306171.909616173245013 ] } },
{ "type": "Feature", "properties": { "station_name": "GSA FLEET / WESTCTYARD", "street_address": "501-555 19th St NW", "city": "Washington", "state": "DC", "zip": "20036", "latitude": 38.896008, "longitude": -77.043471, "ev_network": "Non-Networked", "ev_level1_evse_num": null, "ev_level2_evse_num": 1.0, "ev_dc_fast_num": null, "access_code": "private", "facility_type": "FED_GOV" }, "geometry": { "type": "Point", "coordinates": [ 322785.5079505154863, 4307221.370967823080719 ] } },
{ "type": "Feature", "properties": { "station_name": "OPM Motor Pool", "street_address": "1900 E St NW", "city": "Washington", "state": "DC", "zip": "20415", "latitude": 38.8948, "longitude": -77.0369, "ev_network": "Non-Networked", "ev_level1_evse_num": null, "ev_level2_evse_num": 1.0, "ev_dc_fast_num": null, "access_code": "private", "facility_type": "FED_GOV" }, "geometry": { "type": "Point", "coordinates": [ 323352.417522382573225, 4307074.554570427164435 ] } },
{ "type": "Feature", "properties": { "station_name": "US MINT", "street_address": "801 9th St NW", "city": "Washington", "state": "DC", "zip": "20001", "latitude": 38.900627, "longitude": -77.023611, "ev_network": "Non-Networked", "ev_level1_evse_num": null, "ev_level2_evse_num": 1.0, "ev_dc_fast_num": null, "access_code": "private", "facility_type": "FED_GOV" }, "geometry": { "type": "Point", "coordinates": [ 324519.340426196460612, 4307695.603202815167606 ] } },
{ "type": "Feature", "properties": { "station_name": "BEP #2", "street_address": "14th St SW", "city": "Washington", "state": "DC", "zip": "20250", "latitude": 38.885703, "longitude": -77.032041, "ev_network": "Non-Networked", "ev_level1_evse_num": null, "ev_level2_evse_num": 1.0, "ev_dc_fast_num": null, "access_code": "private", "facility_type": "FED_GOV" }, "geometry": { "type": "Point", "coordinates": [ 323751.355724739143625, 4306055.534077945165336 ] } },
{ "type": "Feature", "properties": { "station_name": "NMNH", "street_address": "10th & Constitution Ave NW", "city": "Washington", "state": "DC", "zip": "20560", "latitude": 38.892106, "longitude": -77.025904, "ev_network": "Non-Networked", "ev_level1_evse_num": null, "ev_level2_evse_num": 2.0, "ev_dc_fast_num": null, "access_code": "private", "facility_type": "FED_GOV" }, "geometry": { "type": "Point", "coordinates": [ 324299.476273984764703, 4306754.324072911404073 ] } },
{ "type": "Feature", "properties": { "station_name": "SSA HQ DC", "street_address": "250e E St SW", "city": "Washington", "state": "DC", "zip": "20024", "latitude": 38.882897, "longitude": -77.014434, "ev_network": "Non-Networked", "ev_level1_evse_num": null, "ev_level2_evse_num": 2.0, "ev_dc_fast_num": null, "access_code": "private", "facility_type": "FED_GOV" }, "geometry": { "type": "Point", "coordinates": [ 325271.754242195514962, 4305710.243616894818842 ] } },
{ "type": "Feature", "properties": { "station_name": "USDA IND.AVE DC / DC SOUTH BLD1 &amp; 2", "street_address": "1351 C St NW", "city": "Washington", "state": "DC", "zip": "20024", "latitude": 38.886768, "longitude": -77.029993, "ev_network": "Non-Networked", "ev_level1_evse_num": null, "ev_level2_evse_num": 2.0, "ev_dc_fast_num": null, "access_code": "private", "facility_type": "FED_GOV" }, "geometry": { "type": "Point", "coordinates": [ 323931.634562686027493, 4306169.776932111009955 ] } },
{ "type": "Feature", "properties": { "station_name": "Joint Base Anacosta-Bolling / Phase A / 400A", "street_address": "2872 Defense Blvd", "city": "Washington", "state": "DC", "zip": "20373", "latitude": 38.853285, "longitude": -77.011016, "ev_network": "Non-Networked", "ev_level1_evse_num": null, "ev_level2_evse_num": 2.0, "ev_dc_fast_num": null, "access_code": "private", "facility_type": "FED_GOV" }, "geometry": { "type": "Point", "coordinates": [ 325495.835708768223412, 4302417.267279815860093 ] } },
{ "type": "Feature", "properties": { "station_name": "FBI Headquarters Parking Garage Level 1B", "street_address": "935 Pennsylvania Ave NW", "city": "Washington", "state": "DC", "zip": "20535", "latitude": 38.895562, "longitude": -77.024961, "ev_network": "Non-Networked", "ev_level1_evse_num": null, "ev_level2_evse_num": 3.0, "ev_dc_fast_num": null, "access_code": "private", "facility_type": "FED_GOV" }, "geometry": { "type": "Point", "coordinates": [ 324389.782117595721502, 4307136.068202887661755 ] } },
{ "type": "Feature", "properties": { "station_name": "HST", "street_address": "2201 C St NW", "city": "Washington", "state": "DC", "zip": "20037", "latitude": 38.89414, "longitude": -77.04831, "ev_network": "Non-Networked", "ev_level1_evse_num": null, "ev_level2_evse_num": 8.0, "ev_dc_fast_num": null, "access_code": "private", "facility_type": "FED_GOV" }, "geometry": { "type": "Point", "coordinates": [ 322361.164920584531501, 4307023.466297715902328 ] } },
{ "type": "Feature", "properties": { "station_name": "NSA Washington / N68469-B386", "street_address": "1007 N St SE", "city": "Washington Navy Yard", "state": "DC", "zip": "20374", "latitude": 38.8743, "longitude": -76.992371, "ev_network": "Non-Networked", "ev_level1_evse_num": null, "ev_level2_evse_num": 8.0, "ev_dc_fast_num": null, "access_code": "private", "facility_type": "FED_GOV" }, "geometry": { "type": "Point", "coordinates": [ 327164.790301573986653, 4304714.096396342851222 ] } },
{ "type": "Feature", "properties": { "station_name": "BEP", "street_address": "14th St SW", "city": "Washington", "state": "DC", "zip": "20250", "latitude": 38.885703, "longitude": -77.032041, "ev_network": "Non-Networked", "ev_level1_evse_num": 1.0, "ev_level2_evse_num": 1.0, "ev_dc_fast_num": null, "access_code": "private", "facility_type": "FED_GOV" }, "geometry": { "type": "Point", "coordinates": [ 323751.355724739143625, 4306055.534077945165336 ] } },
{ "type": "Feature", "properties": { "station_name": "4801 Connecticut Apartments", "street_address": "4801 Connecticut Avenue Northwest", "city": "Washington", "state": "DC", "zip": "20008", "latitude": 38.952433, "longitude": -77.067651, "ev_network": "Blink Network", "ev_level1_evse_num": null, "ev_level2_evse_num": 4.0, "ev_dc_fast_num": null, "access_code": "public", "facility_type": null }, "geometry": { "type": "Point", "coordinates": [ 320830.419803322525695, 4313530.962363612838089 ] } },
{ "type": "Feature", "properties": { "station_name": "MLK LIBRARY STATION1", "street_address": "901 G St. NW", "city": "Washington", "state": "DC", "zip": "20001", "latitude": 38.898695, "longitude": -77.024782, "ev_network": "ChargePoint Network", "ev_level1_evse_num": null, "ev_level2_evse_num": 2.0, "ev_dc_fast_num": null, "access_code": "public", "facility_type": null }, "geometry": { "type": "Point", "coordinates": [ 324413.025950640032534, 4307483.436170641332865 ] } },
{ "type": "Feature", "properties": { "station_name": "PORTALS III PORTALS3 EVCS2", "street_address": "1318 D St SW", "city": "Washington", "state": "DC", "zip": "20024", "latitude": 38.884869, "longitude": -77.030465, "ev_network": "ChargePoint Network", "ev_level1_evse_num": null, "ev_level2_evse_num": 2.0, "ev_dc_fast_num": null, "access_code": "public", "facility_type": null }, "geometry": { "type": "Point", "coordinates": [ 323886.001950218749698, 4305959.929808001965284 ] } },
{ "type": "Feature", "properties": { "station_name": "PORTALS III PORTALS3 EVCS1", "street_address": "1318 D St SW", "city": "Washington", "state": "DC", "zip": "20024", "latitude": 38.884844, "longitude": -77.030357, "ev_network": "ChargePoint Network", "ev_level1_evse_num": null, "ev_level2_evse_num": 2.0, "ev_dc_fast_num": null, "access_code": "public", "facility_type": null }, "geometry": { "type": "Point", "coordinates": [ 323895.308507150737569, 4305956.946717253886163 ] } },
{ "type": "Feature", "properties": { "station_name": "Conrad Washington DC", "street_address": "950 New York Avenue Northwest", "city": "Washington", "state": "DC", "zip": "20001", "latitude": 38.901306, "longitude": -77.0255817, "ev_network": "Blink Network", "ev_level1_evse_num": null, "ev_level2_evse_num": 2.0, "ev_dc_fast_num": null, "access_code": "public", "facility_type": null }, "geometry": { "type": "Point", "coordinates": [ 324350.106557275983505, 4307774.755351698957384 ] } },
{ "type": "Feature", "properties": { "station_name": "BRE STATION 2", "street_address": "1425 K St NW", "city": "Washington", "state": "DC", "zip": "20005", "latitude": 38.902965, "longitude": -77.032968, "ev_network": "ChargePoint Network", "ev_level1_evse_num": null, "ev_level2_evse_num": 2.0, "ev_dc_fast_num": null, "access_code": "public", "facility_type": null }, "geometry": { "type": "Point", "coordinates": [ 323713.64496629970381, 4307973.131179733201861 ] } },
{ "type": "Feature", "properties": { "station_name": "BRE STATION 1", "street_address": "1425 K St NW", "city": "Washington", "state": "DC", "zip": "20005", "latitude": 38.902948, "longitude": -77.032882, "ev_network": "ChargePoint Network", "ev_level1_evse_num": null, "ev_level2_evse_num": 2.0, "ev_dc_fast_num": null, "access_code": "public", "facility_type": null }, "geometry": { "type": "Point", "coordinates": [ 323721.060962154879235, 4307971.078196336515248 ] } },
{ "type": "Feature", "properties": { "station_name": "500 E Street SW", "street_address": "500 E Street Southwest", "city": "Washington", "state": "DC", "zip": "20024", "latitude": 38.8829566, "longitude": -77.0190848, "ev_network": "Blink Network", "ev_level1_evse_num": null, "ev_level2_evse_num": 2.0, "ev_dc_fast_num": null, "access_code": "public", "facility_type": null }, "geometry": { "type": "Point", "coordinates": [ 324868.463205349515192, 4305725.776122242212296 ] } },
{ "type": "Feature", "properties": { "station_name": "Washington Square - Central Parking", "street_address": "1050 Connecticut Ave NW", "city": "Washington", "state": "DC", "zip": "20036", "latitude": 38.903332, "longitude": -77.04045, "ev_network": "Blink Network", "ev_level1_evse_num": null, "ev_level2_evse_num": 1.0, "ev_dc_fast_num": null, "access_code": "public", "facility_type": null }, "geometry": { "type": "Point", "coordinates": [ 323065.70532580348663, 4308028.353373498655856 ] } },
{ "type": "Feature", "properties": { "station_name": "District Wharf Parking Garage - Public Access on P1", "street_address": "1000 Maine", "city": "Washington", "state": "DC", "zip": "20024", "latitude": 38.8807429, "longitude": -77.0266704, "ev_network": "Blink Network", "ev_level1_evse_num": null, "ev_level2_evse_num": 11.0, "ev_dc_fast_num": null, "access_code": "public", "facility_type": null }, "geometry": { "type": "Point", "coordinates": [ 324204.98681450355798, 4305494.681053156033158 ] } },
{ "type": "Feature", "properties": { "station_name": "2000 M St", "street_address": "2000 M Street", "city": "Washington", "state": "DC", "zip": "20036", "latitude": 38.87706674, "longitude": -76.98222839, "ev_network": "Blink Network", "ev_level1_evse_num": null, "ev_level2_evse_num": 2.0, "ev_dc_fast_num": null, "access_code": "public", "facility_type": null }, "geometry": { "type": "Point", "coordinates": [ 328051.392179880174808, 4305001.99459602124989 ] } },
{ "type": "Feature", "properties": { "station_name": "Washington Office Center", "street_address": "409 3rd Street Southwest", "city": "Washington", "state": "DC", "zip": "20024", "latitude": 38.884762, "longitude": -77.0155718, "ev_network": "Blink Network", "ev_level1_evse_num": null, "ev_level2_evse_num": 2.0, "ev_dc_fast_num": null, "access_code": "public", "facility_type": null }, "geometry": { "type": "Point", "coordinates": [ 325177.627613337477669, 4305919.407781776040792 ] } },
{ "type": "Feature", "properties": { "station_name": "1400 K St NW", "street_address": "1400 K Street Northwest", "city": "Washington", "state": "DC", "zip": "20005", "latitude": 38.9021614, "longitude": -77.0322943, "ev_network": "Blink Network", "ev_level1_evse_num": null, "ev_level2_evse_num": 4.0, "ev_dc_fast_num": null, "access_code": "public", "facility_type": null }, "geometry": { "type": "Point", "coordinates": [ 323770.081776940030977, 4307882.642150099389255 ] } },
{ "type": "Feature", "properties": { "station_name": "1400 Eye Street", "street_address": "1400 I Street NW", "city": "Washington", "state": "DC", "zip": "20005", "latitude": 38.901006, "longitude": -77.032358, "ev_network": "Blink Network", "ev_level1_evse_num": null, "ev_level2_evse_num": 1.0, "ev_dc_fast_num": null, "access_code": "public", "facility_type": null }, "geometry": { "type": "Point", "coordinates": [ 323761.699940245191101, 4307754.534223794005811 ] } },
{ "type": "Feature", "properties": { "station_name": "Sentinel Square III", "street_address": "45 L Street Northeast", "city": "Washington", "state": "DC", "zip": "20002", "latitude": 38.9036883, "longitude": -77.0074877, "ev_network": "Blink Network", "ev_level1_evse_num": null, "ev_level2_evse_num": 1.0, "ev_dc_fast_num": null, "access_code": "public", "facility_type": null }, "geometry": { "type": "Point", "coordinates": [ 325925.099510819418356, 4308004.455830259248614 ] } },
{ "type": "Feature", "properties": { "station_name": "531708  Lexington/Market Sq Parking Garage", "street_address": "401 9th St NW & 875 D St NW", "city": "Washington", "state": "DC", "zip": "20004", "latitude": 38.895425, "longitude": -77.023752, "ev_network": "Blink Network", "ev_level1_evse_num": null, "ev_level2_evse_num": 5.0, "ev_dc_fast_num": null, "access_code": "public", "facility_type": null }, "geometry": { "type": "Point", "coordinates": [ 324494.301902934501413, 4307118.536194880492985 ] } },
{ "type": "Feature", "properties": { "station_name": "600 Mass Ave", "street_address": "600 Massachusetts Avenue Northwest", "city": "Washington", "state": "DC", "zip": "20001", "latitude": 38.9012307, "longitude": -77.0207401, "ev_network": "Blink Network", "ev_level1_evse_num": null, "ev_level2_evse_num": 9.0, "ev_dc_fast_num": null, "access_code": "public", "facility_type": null }, "geometry": { "type": "Point", "coordinates": [ 324769.801700442680158, 4307757.083718691952527 ] } },
{ "type": "Feature", "properties": { "station_name": "531711  JBAB / MWR", "street_address": "Chappie James Boulevard", "city": "Washington", "state": "DC", "zip": "20032", "latitude": 38.8401346, "longitude": -77.0171786, "ev_network": "Blink Network", "ev_level1_evse_num": null, "ev_level2_evse_num": 10.0, "ev_dc_fast_num": null, "access_code": "public", "facility_type": null }, "geometry": { "type": "Point", "coordinates": [ 324928.791343321208842, 4300969.595369999296963 ] } },
{ "type": "Feature", "properties": { "station_name": "Rockview Apartments", "street_address": "1400 Rock Creek Ford Road Northwest", "city": "Washington", "state": "DC", "zip": "20011", "latitude": 38.9632417, "longitude": -77.0334229, "ev_network": "Blink Network", "ev_level1_evse_num": null, "ev_level2_evse_num": 2.0, "ev_dc_fast_num": null, "access_code": "public", "facility_type": null }, "geometry": { "type": "Point", "coordinates": [ 323823.456226012669504, 4314663.79878792911768 ] } },
{ "type": "Feature", "properties": { "station_name": "District Wharf Parking Garage", "street_address": "800 Maine Avenue Southwest", "city": "Washington", "state": "DC", "zip": "20024", "latitude": 38.8781511, "longitude": -77.0223675, "ev_network": "Blink Network", "ev_level1_evse_num": null, "ev_level2_evse_num": 1.0, "ev_dc_fast_num": null, "access_code": "public", "facility_type": null }, "geometry": { "type": "Point", "coordinates": [ 324571.881445213453844, 4305198.751360046677291 ] } },
{ "type": "Feature", "properties": { "station_name": "1200 K", "street_address": "1200 K St. NW Suite 100", "city": "Washington", "state": "DC", "zip": "20005", "latitude": 38.9021125, "longitude": -77.0286047, "ev_network": "Blink Network", "ev_level1_evse_num": null, "ev_level2_evse_num": 6.0, "ev_dc_fast_num": null, "access_code": "public", "facility_type": null }, "geometry": { "type": "Point", "coordinates": [ 324089.932403297629207, 4307870.091122437268496 ] } },
{ "type": "Feature", "properties": { "station_name": "FAA - Headquarters Office Building (HDQ 10A)", "street_address": "200 Independence Ave SW", "city": "Washington", "state": "DC", "zip": "20024", "latitude": 38.88668, "longitude": -77.014524, "ev_network": "Non-Networked", "ev_level1_evse_num": null, "ev_level2_evse_num": 1.0, "ev_dc_fast_num": null, "access_code": "private", "facility_type": "FED_GOV" }, "geometry": { "type": "Point", "coordinates": [ 325273.217902532429434, 4306130.266811711713672 ] } },
{ "type": "Feature", "properties": { "station_name": "FAA - Headquarters Office Building (HDQ 10A)", "street_address": "200 Independence Ave SW", "city": "Washington", "state": "DC", "zip": "20591", "latitude": 38.88668, "longitude": -77.014524, "ev_network": "Non-Networked", "ev_level1_evse_num": null, "ev_level2_evse_num": 5.0, "ev_dc_fast_num": null, "access_code": "private", "facility_type": "FED_GOV" }, "geometry": { "type": "Point", "coordinates": [ 325273.217902532429434, 4306130.266811711713672 ] } },
{ "type": "Feature", "properties": { "station_name": "FPB South Garage C level third parking space 240V charging station", "street_address": "200 Constitution St NW", "city": "Washington", "state": "DC", "zip": "20210", "latitude": 38.8936, "longitude": -77.0148, "ev_network": "Non-Networked", "ev_level1_evse_num": null, "ev_level2_evse_num": 2.0, "ev_dc_fast_num": null, "access_code": "private", "facility_type": "FED_GOV" }, "geometry": { "type": "Point", "coordinates": [ 325266.240087464568205, 4306898.802401136606932 ] } },
{ "type": "Feature", "properties": { "station_name": "NPS WASO - USPP - AOF", "street_address": "1901 Anacostia Dr SE", "city": "Washington", "state": "DC", "zip": "20020", "latitude": 38.866913, "longitude": -76.994411, "ev_network": "Non-Networked", "ev_level1_evse_num": null, "ev_level2_evse_num": 2.0, "ev_dc_fast_num": null, "access_code": "private", "facility_type": "NATL_PARK" }, "geometry": { "type": "Point", "coordinates": [ 326969.89160866162274, 4303898.13079219404608 ] } },
{ "type": "Feature", "properties": { "station_name": "NPS WASO: USPP District 3 Station", "street_address": "5701 Beach Dr NW", "city": "Washington", "state": "DC", "zip": "20011", "latitude": 38.959939, "longitude": -77.040053, "ev_network": "Non-Networked", "ev_level1_evse_num": null, "ev_level2_evse_num": 2.0, "ev_dc_fast_num": null, "access_code": "private", "facility_type": "NATL_PARK" }, "geometry": { "type": "Point", "coordinates": [ 323240.760461474652402, 4314310.094971179962158 ] } },
{ "type": "Feature", "properties": { "station_name": "Potomac", "street_address": null, "city": "Washington", "state": "DC", "zip": "20032", "latitude": 38.907192, "longitude": -77.036871, "ev_network": "Non-Networked", "ev_level1_evse_num": 3.0, "ev_level2_evse_num": null, "ev_dc_fast_num": null, "access_code": "private", "facility_type": "FED_GOV" }, "geometry": { "type": "Point", "coordinates": [ 323385.649193791672587, 4308449.814105103723705 ] } },
{ "type": "Feature", "properties": { "station_name": "ONE501 NORTH ELEVATOR1", "street_address": "1501 Harry Thomas Way NE", "city": "Washington", "state": "DC", "zip": "20002", "latitude": 38.912231, "longitude": -77.00155, "ev_network": "ChargePoint Network", "ev_level1_evse_num": null, "ev_level2_evse_num": 2.0, "ev_dc_fast_num": null, "access_code": "public", "facility_type": null }, "geometry": { "type": "Point", "coordinates": [ 326460.829554949130397, 4308941.238697483204305 ] } },
{ "type": "Feature", "properties": { "station_name": "AZ/JH REIT (DC) LP c/o Transwestern", "street_address": "1100 New York Avenue, NW Suite Ground Floor", "city": "Washington", "state": "DC", "zip": "20005", "latitude": 38.9002423, "longitude": -77.0274863, "ev_network": "Blink Network", "ev_level1_evse_num": null, "ev_level2_evse_num": 3.0, "ev_dc_fast_num": null, "access_code": "public", "facility_type": null }, "geometry": { "type": "Point", "coordinates": [ 324182.308524644642603, 4307660.371944347396493 ] } },
{ "type": "Feature", "properties": { "station_name": "Hall of the States Office Building", "street_address": "400/444 North Capitol Street NW", "city": "Washington", "state": "DC", "zip": "20001", "latitude": 38.8957704, "longitude": -77.0094944, "ev_network": "Blink Network", "ev_level1_evse_num": null, "ev_level2_evse_num": 2.0, "ev_dc_fast_num": null, "access_code": "public", "facility_type": null }, "geometry": { "type": "Point", "coordinates": [ 325731.715951665071771, 4307129.530332644470036 ] } },
{ "type": "Feature", "properties": { "station_name": "Resources and Conservation Center", "street_address": "1400 16th Street Northwest", "city": "Washington", "state": "DC", "zip": "20036", "latitude": 38.9090483, "longitude": -77.0371063, "ev_network": "Blink Network", "ev_level1_evse_num": null, "ev_level2_evse_num": 2.0, "ev_dc_fast_num": null, "access_code": "public", "facility_type": null }, "geometry": { "type": "Point", "coordinates": [ 323369.847331210621633, 4308656.290027976967394 ] } },
{ "type": "Feature", "properties": { "station_name": "1625 NE CONDOS STATION 5", "street_address": "1625 Eckington Pl NE", "city": "Washington", "state": "DC", "zip": "20002", "latitude": 38.911746, "longitude": -77.003925, "ev_network": "ChargePoint Network", "ev_level1_evse_num": null, "ev_level2_evse_num": 2.0, "ev_dc_fast_num": null, "access_code": "public", "facility_type": null }, "geometry": { "type": "Point", "coordinates": [ 326253.710493928287178, 4308891.934882130473852 ] } },
{ "type": "Feature", "properties": { "station_name": "1625 NE CONDOS STATION 3", "street_address": "1625 Eckington Pl NE", "city": "Washington", "state": "DC", "zip": "20002", "latitude": 38.911762, "longitude": -77.003839, "ev_network": "ChargePoint Network", "ev_level1_evse_num": null, "ev_level2_evse_num": 2.0, "ev_dc_fast_num": null, "access_code": "public", "facility_type": null }, "geometry": { "type": "Point", "coordinates": [ 326261.20662393909879, 4308893.546737572178245 ] } },
{ "type": "Feature", "properties": { "station_name": "600 New Hampshire Ave", "street_address": "600 New Hampshire Avenue Northwest", "city": "Washington", "state": "DC", "zip": "20037", "latitude": 38.8978425, "longitude": -77.0551966, "ev_network": "Blink Network", "ev_level1_evse_num": null, "ev_level2_evse_num": 3.0, "ev_dc_fast_num": null, "access_code": "public", "facility_type": null }, "geometry": { "type": "Point", "coordinates": [ 321773.131910726893693, 4307447.821390593424439 ] } },
{ "type": "Feature", "properties": { "station_name": "1625 NE CONDOS STATION 1", "street_address": "1625 Eckington Pl NE", "city": "Washington", "state": "DC", "zip": "20002", "latitude": 38.911779, "longitude": -77.003871, "ev_network": "ChargePoint Network", "ev_level1_evse_num": null, "ev_level2_evse_num": 2.0, "ev_dc_fast_num": null, "access_code": "public", "facility_type": null }, "geometry": { "type": "Point", "coordinates": [ 326258.473352564382367, 4308895.49444330483675 ] } },
{ "type": "Feature", "properties": { "station_name": "1275 K ST NW PARKING 69-70", "street_address": "1275 K St NW", "city": "Washington", "state": "DC", "zip": "20005", "latitude": 38.902846, "longitude": -77.029228, "ev_network": "ChargePoint Network", "ev_level1_evse_num": null, "ev_level2_evse_num": 2.0, "ev_dc_fast_num": null, "access_code": "public", "facility_type": null }, "geometry": { "type": "Point", "coordinates": [ 324037.689620124874637, 4307952.70050142146647 ] } },
{ "type": "Feature", "properties": { "station_name": "1625 NE CONDOS STATION 6", "street_address": "1625 Eckington Pl NE", "city": "Washington", "state": "DC", "zip": "20002", "latitude": 38.911779, "longitude": -77.003807, "ev_network": "ChargePoint Network", "ev_level1_evse_num": null, "ev_level2_evse_num": 2.0, "ev_dc_fast_num": null, "access_code": "public", "facility_type": null }, "geometry": { "type": "Point", "coordinates": [ 326264.022823457082268, 4308895.372484003193676 ] } },
{ "type": "Feature", "properties": { "station_name": "Metropolitan Square Garage", "street_address": "655 15th Street NW", "city": "Washington", "state": "DC", "zip": "20005", "latitude": 38.898011, "longitude": -77.0336201, "ev_network": "Blink Network", "ev_level1_evse_num": null, "ev_level2_evse_num": 8.0, "ev_dc_fast_num": null, "access_code": "public", "facility_type": null }, "geometry": { "type": "Point", "coordinates": [ 323644.833953266730532, 4307424.576785669662058 ] } },
{ "type": "Feature", "properties": { "station_name": "Union Place", "street_address": "200 K Street NE", "city": "Washington", "state": "DC", "zip": "20002", "latitude": 38.9031507, "longitude": -77.0032763, "ev_network": "Blink Network", "ev_level1_evse_num": null, "ev_level2_evse_num": 2.0, "ev_dc_fast_num": null, "access_code": "public", "facility_type": null }, "geometry": { "type": "Point", "coordinates": [ 326289.002992385532707, 4307936.75998998619616 ] } },
{ "type": "Feature", "properties": { "station_name": "Garages", "street_address": "7323 R 12th ST., NW", "city": "Washington", "state": "DC", "zip": "20012", "latitude": 38.9790239, "longitude": -77.0276195, "ev_network": "Blink Network", "ev_level1_evse_num": null, "ev_level2_evse_num": 2.0, "ev_dc_fast_num": null, "access_code": "public", "facility_type": null }, "geometry": { "type": "Point", "coordinates": [ 324365.31089196720859, 4316404.178510575555265 ] } },
{ "type": "Feature", "properties": { "station_name": "655 New York Ave NW", "street_address": "655 New York Avenue Northwest", "city": "Washington", "state": "DC", "zip": "20001", "latitude": 38.9054465, "longitude": -77.0205502, "ev_network": "Blink Network", "ev_level1_evse_num": null, "ev_level2_evse_num": 10.0, "ev_dc_fast_num": null, "access_code": "public", "facility_type": null }, "geometry": { "type": "Point", "coordinates": [ 324796.637044566741679, 4308224.605010922066867 ] } },
{ "type": "Feature", "properties": { "station_name": "1625 NE CONDOS STATION 2", "street_address": "1625 Eckington Pl NE", "city": "Washington", "state": "DC", "zip": "20002", "latitude": 38.911779, "longitude": -77.00386, "ev_network": "ChargePoint Network", "ev_level1_evse_num": null, "ev_level2_evse_num": 2.0, "ev_dc_fast_num": null, "access_code": "public", "facility_type": null }, "geometry": { "type": "Point", "coordinates": [ 326259.427167877671309, 4308895.473481272347271 ] } },
{ "type": "Feature", "properties": { "station_name": "1275 New Jersey Ave", "street_address": "1275 New Jersey Avenue Southeast", "city": "Washington", "state": "DC", "zip": "20003", "latitude": 38.8752301, "longitude": -77.0039287, "ev_network": "Blink Network", "ev_level1_evse_num": null, "ev_level2_evse_num": 6.0, "ev_dc_fast_num": null, "access_code": "public", "facility_type": null }, "geometry": { "type": "Point", "coordinates": [ 326164.356536924024113, 4304839.277578350156546 ] } },
{ "type": "Feature", "properties": { "station_name": "901 F", "street_address": "901 F St. NW", "city": "Washington", "state": "DC", "zip": "20004", "latitude": 38.8976072, "longitude": -77.0240107, "ev_network": "Blink Network", "ev_level1_evse_num": null, "ev_level2_evse_num": 2.0, "ev_dc_fast_num": null, "access_code": "public", "facility_type": null }, "geometry": { "type": "Point", "coordinates": [ 324477.239064567605965, 4307361.223110337741673 ] } },
{ "type": "Feature", "properties": { "station_name": "Garage 2A", "street_address": "Riley St SW, Washington DC, 20024", "city": "Washington", "state": "DC", "zip": "20024", "latitude": 38.8779129, "longitude": -77.0219095, "ev_network": "Blink Network", "ev_level1_evse_num": null, "ev_level2_evse_num": 16.0, "ev_dc_fast_num": null, "access_code": "public", "facility_type": null }, "geometry": { "type": "Point", "coordinates": [ 324611.027902635454666, 4305171.434551149606705 ] } },
{ "type": "Feature", "properties": { "station_name": "The Wharf Public Garage 3", "street_address": "600 Water Street Southwest", "city": "Washington", "state": "DC", "zip": "20024", "latitude": 38.8753566, "longitude": -77.0210991, "ev_network": "Blink Network", "ev_level1_evse_num": null, "ev_level2_evse_num": 14.0, "ev_dc_fast_num": null, "access_code": "public", "facility_type": null }, "geometry": { "type": "Point", "coordinates": [ 324675.047740641399287, 4304886.169835556298494 ] } },
{ "type": "Feature", "properties": { "station_name": "1000 South Capitol", "street_address": "1000 S Capitol St SE", "city": "Washington", "state": "DC", "zip": "20003", "latitude": 38.8783202, "longitude": -77.0087047, "ev_network": "Blink Network", "ev_level1_evse_num": null, "ev_level2_evse_num": 4.0, "ev_dc_fast_num": null, "access_code": "public", "facility_type": null }, "geometry": { "type": "Point", "coordinates": [ 325757.564034275943413, 4305191.337158798240125 ] } },
{ "type": "Feature", "properties": { "station_name": "2112 PENN STATION 1", "street_address": "2112 Pennsylvania Ave NW", "city": "Washington", "state": "DC", "zip": "20037", "latitude": 38.901559, "longitude": -77.047744, "ev_network": "ChargePoint Network", "ev_level1_evse_num": null, "ev_level2_evse_num": 2.0, "ev_dc_fast_num": null, "access_code": "public", "facility_type": null }, "geometry": { "type": "Point", "coordinates": [ 322428.74223070347216, 4307845.756334046833217 ] } },
{ "type": "Feature", "properties": { "station_name": "WOODLEY P2 WOODLEY #1", "street_address": "2700 Woodley Rd NW", "city": "Washington", "state": "DC", "zip": "20008", "latitude": 38.925524, "longitude": -77.055794, "ev_network": "ChargePoint Network", "ev_level1_evse_num": null, "ev_level2_evse_num": 2.0, "ev_dc_fast_num": null, "access_code": "public", "facility_type": null }, "geometry": { "type": "Point", "coordinates": [ 321790.589903474901803, 4310521.209710616618395 ] } },
{ "type": "Feature", "properties": { "station_name": "The Apollo", "street_address": "600 H St NE", "city": "Washington", "state": "DC", "zip": "20002", "latitude": 38.900253, "longitude": -76.998243, "ev_network": "Blink Network", "ev_level1_evse_num": null, "ev_level2_evse_num": 2.0, "ev_dc_fast_num": null, "access_code": "public", "facility_type": null }, "geometry": { "type": "Point", "coordinates": [ 326718.44923355046194, 4307605.586639171466231 ] } },
{ "type": "Feature", "properties": { "station_name": "670 Maine Private Parking Nest", "street_address": "670 Maine Ave SW, Washington DC 20024", "city": "Washington", "state": "DC", "zip": "20024", "latitude": 38.8777768, "longitude": -77.0225306, "ev_network": "Blink Network", "ev_level1_evse_num": null, "ev_level2_evse_num": 6.0, "ev_dc_fast_num": null, "access_code": "public", "facility_type": null }, "geometry": { "type": "Point", "coordinates": [ 324556.811461941688322, 4305157.523826928809285 ] } },
{ "type": "Feature", "properties": { "station_name": "Capitol Riverfront", "street_address": "861 New Jersey Ave SE", "city": "Washington", "state": "DC", "zip": "20003", "latitude": 38.880326, "longitude": -77.00574017, "ev_network": "Blink Network", "ev_level1_evse_num": null, "ev_level2_evse_num": 6.0, "ev_dc_fast_num": null, "access_code": "public", "facility_type": null }, "geometry": { "type": "Point", "coordinates": [ 326019.634255098586436, 4305408.290186065249145 ] } },
{ "type": "Feature", "properties": { "station_name": "600 Water Private Parking Nest", "street_address": "600 Water Street Southwest", "city": "Washington", "state": "DC", "zip": "20024", "latitude": 38.8753566, "longitude": -77.0210991, "ev_network": "Blink Network", "ev_level1_evse_num": null, "ev_level2_evse_num": 5.0, "ev_dc_fast_num": null, "access_code": "public", "facility_type": null }, "geometry": { "type": "Point", "coordinates": [ 324675.047740641399287, 4304886.169835556298494 ] } },
{ "type": "Feature", "properties": { "station_name": "531710  650 Massachusetts Ave NW", "street_address": "650 Massachusetts Ave NW", "city": "Washington", "state": "DC", "zip": "20001", "latitude": 38.899413, "longitude": -77.024307, "ev_network": "Blink Network", "ev_level1_evse_num": null, "ev_level2_evse_num": 6.0, "ev_dc_fast_num": null, "access_code": "public", "facility_type": null }, "geometry": { "type": "Point", "coordinates": [ 324455.989778697839938, 4307562.208202390931547 ] } },
{ "type": "Feature", "properties": { "station_name": "600 Thirteenth", "street_address": "600 13th Street N.W.", "city": "Washington", "state": "DC", "zip": "20005", "latitude": 38.8976502, "longitude": -77.0299233, "ev_network": "Blink Network", "ev_level1_evse_num": null, "ev_level2_evse_num": 4.0, "ev_dc_fast_num": null, "access_code": "public", "facility_type": null }, "geometry": { "type": "Point", "coordinates": [ 323964.557238695211709, 4307377.39151925034821 ] } },
{ "type": "Feature", "properties": { "station_name": "Garage 2B", "street_address": "Parker Row SW, Washington, DC 20024", "city": "Washington", "state": "DC", "zip": "20024", "latitude": 38.8773729, "longitude": -77.0213205, "ev_network": "Blink Network", "ev_level1_evse_num": null, "ev_level2_evse_num": 4.0, "ev_dc_fast_num": null, "access_code": "public", "facility_type": null }, "geometry": { "type": "Point", "coordinates": [ 324660.797183233429678, 4305110.371355011127889 ] } },
{ "type": "Feature", "properties": { "station_name": "700 Penn", "street_address": "700 Pennsylvania Avenue Southeast", "city": "Washington", "state": "DC", "zip": "20003", "latitude": 38.8850381, "longitude": -76.9957982, "ev_network": "Blink Network", "ev_level1_evse_num": null, "ev_level2_evse_num": 1.0, "ev_dc_fast_num": null, "access_code": "public", "facility_type": null }, "geometry": { "type": "Point", "coordinates": [ 326893.52752373466501, 4305912.342395639047027 ] } },
{ "type": "Feature", "properties": { "station_name": "1220 19th St", "street_address": "1220 19th Street Northwest", "city": "Washington", "state": "DC", "zip": "20036", "latitude": 38.906607, "longitude": -77.0439431, "ev_network": "Blink Network", "ev_level1_evse_num": null, "ev_level2_evse_num": 2.0, "ev_dc_fast_num": null, "access_code": "public", "facility_type": null }, "geometry": { "type": "Point", "coordinates": [ 322770.926233971084002, 4308398.610680094920099 ] } },
{ "type": "Feature", "properties": { "station_name": "CityCenterDC", "street_address": "830 9th St NW", "city": "Washington", "state": "DC", "zip": "20001", "latitude": 38.90014, "longitude": -77.02415, "ev_network": "eVgo Network", "ev_level1_evse_num": null, "ev_level2_evse_num": null, "ev_dc_fast_num": 7.0, "access_code": "public", "facility_type": null }, "geometry": { "type": "Point", "coordinates": [ 324471.396450499247294, 4307642.591335379518569 ] } },
{ "type": "Feature", "properties": { "station_name": "Sheikh Zayed Campus (SZ)", "street_address": "111 Michigan Avenue", "city": "Washington", "state": "DC", "zip": "20010", "latitude": 38.9271737, "longitude": -77.014524, "ev_network": "Blink Network", "ev_level1_evse_num": null, "ev_level2_evse_num": 17.0, "ev_dc_fast_num": null, "access_code": "public", "facility_type": null }, "geometry": { "type": "Point", "coordinates": [ 325372.501356054912321, 4310624.416863638907671 ] } },
{ "type": "Feature", "properties": { "station_name": "1152 15th St NW", "street_address": "1152 15th St NW", "city": "Washington", "state": "DC", "zip": "20005", "latitude": 38.904943, "longitude": -77.035223, "ev_network": "AMPUP", "ev_level1_evse_num": null, "ev_level2_evse_num": 2.0, "ev_dc_fast_num": null, "access_code": "public", "facility_type": "PARKING_GARAGE" }, "geometry": { "type": "Point", "coordinates": [ 323522.987113501643762, 4308197.019720964133739 ] } },
{ "type": "Feature", "properties": { "station_name": "1700 NY Ave NW", "street_address": "1700 New York Ave NE", "city": "Washington", "state": "DC", "zip": "20002", "latitude": 38.91735, "longitude": -76.97956, "ev_network": "AMPUP", "ev_level1_evse_num": null, "ev_level2_evse_num": 2.0, "ev_dc_fast_num": null, "access_code": "public", "facility_type": "OFFICE_BLDG" }, "geometry": { "type": "Point", "coordinates": [ 328379.912617462337948, 4309467.737044369801879 ] } },
{ "type": "Feature", "properties": { "station_name": "2001 Penn Ave NW", "street_address": "2001 Pennsylvania Ave NW", "city": "Washington", "state": "DC", "zip": "20006", "latitude": 38.90152, "longitude": -77.045258, "ev_network": "AMPUP", "ev_level1_evse_num": null, "ev_level2_evse_num": 2.0, "ev_dc_fast_num": null, "access_code": "public", "facility_type": "PARKING_GARAGE" }, "geometry": { "type": "Point", "coordinates": [ 322644.239585512958001, 4307836.589992901310325 ] } },
{ "type": "Feature", "properties": { "station_name": "80 M St NW", "street_address": "80 M St NW", "city": "Washington", "state": "DC", "zip": "20001", "latitude": 38.905509, "longitude": -77.011767, "ev_network": "AMPUP", "ev_level1_evse_num": null, "ev_level2_evse_num": 2.0, "ev_dc_fast_num": null, "access_code": "public", "facility_type": "PARKING_GARAGE" }, "geometry": { "type": "Point", "coordinates": [ 325558.454573377268389, 4308214.701906578615308 ] } },
{ "type": "Feature", "properties": { "station_name": "1615 L St", "street_address": "1615 L St NW", "city": "Washington", "state": "DC", "zip": "20036", "latitude": 38.903983, "longitude": -77.037466, "ev_network": "AMPUP", "ev_level1_evse_num": null, "ev_level2_evse_num": 4.0, "ev_dc_fast_num": null, "access_code": "public", "facility_type": "PARKING_GARAGE" }, "geometry": { "type": "Point", "coordinates": [ 323326.095530343882274, 4308094.818344526924193 ] } },
{ "type": "Feature", "properties": { "station_name": "350 Morse St", "street_address": "350 Morse St NE", "city": "Washington", "state": "DC", "zip": "20002", "latitude": 38.908829, "longitude": -77.000326, "ev_network": "AMPUP", "ev_level1_evse_num": null, "ev_level2_evse_num": 8.0, "ev_dc_fast_num": null, "access_code": "public", "facility_type": "PARKING_GARAGE" }, "geometry": { "type": "Point", "coordinates": [ 326558.679564308200497, 4308561.342754391022027 ] } },
{ "type": "Feature", "properties": { "station_name": "Hines - Columbia Square", "street_address": "555 13th St NW", "city": "Washington", "state": "DC", "zip": "20004", "latitude": 38.896954, "longitude": -77.028774, "ev_network": "AMPUP", "ev_level1_evse_num": null, "ev_level2_evse_num": 8.0, "ev_dc_fast_num": null, "access_code": "public", "facility_type": "PARKING_GARAGE" }, "geometry": { "type": "Point", "coordinates": [ 324062.515025318134576, 4307297.906676304526627 ] } },
{ "type": "Feature", "properties": { "station_name": "901 K St NW", "street_address": "901 K St NW", "city": "Washington", "state": "DC", "zip": "20001", "latitude": 38.902893, "longitude": -77.025207, "ev_network": "AMPUP", "ev_level1_evse_num": null, "ev_level2_evse_num": 8.0, "ev_dc_fast_num": null, "access_code": "public", "facility_type": "PARKING_GARAGE" }, "geometry": { "type": "Point", "coordinates": [ 324386.513139590038918, 4307950.165305091068149 ] } },
{ "type": "Feature", "properties": { "station_name": "500 Morse", "street_address": "500 Morse St NE", "city": "Washington", "state": "DC", "zip": "20002", "latitude": 38.907427, "longitude": -76.998427, "ev_network": "AMPUP", "ev_level1_evse_num": null, "ev_level2_evse_num": 10.0, "ev_dc_fast_num": null, "access_code": "public", "facility_type": "MULTI_UNIT_DWELLING" }, "geometry": { "type": "Point", "coordinates": [ 326719.939450581092387, 4308402.132966592907906 ] } },
{ "type": "Feature", "properties": { "station_name": "One Parking", "street_address": "949 First St SE", "city": "Washington", "state": "DC", "zip": "20003", "latitude": 38.878881, "longitude": -77.006186, "ev_network": "AMPUP", "ev_level1_evse_num": null, "ev_level2_evse_num": 10.0, "ev_dc_fast_num": null, "access_code": "public", "facility_type": "MULTI_UNIT_DWELLING" }, "geometry": { "type": "Point", "coordinates": [ 325977.432921463507228, 4305248.769517657347023 ] } },
{ "type": "Feature", "properties": { "station_name": "RockRose Dev Corp", "street_address": "2001 K St NW", "city": "Washington", "state": "DC", "zip": "20006", "latitude": 38.902942, "longitude": -77.045393, "ev_network": "AMPUP", "ev_level1_evse_num": null, "ev_level2_evse_num": 6.0, "ev_dc_fast_num": null, "access_code": "public", "facility_type": "PARKING_GARAGE" }, "geometry": { "type": "Point", "coordinates": [ 322636.071536018396728, 4307994.672244616784155 ] } },
{ "type": "Feature", "properties": { "station_name": "The Gantry", "street_address": "300 Morse St NE", "city": "Washington", "state": "DC", "zip": "20002", "latitude": 38.908325, "longitude": -77.000427, "ev_network": "AMPUP", "ev_level1_evse_num": null, "ev_level2_evse_num": 14.0, "ev_dc_fast_num": null, "access_code": "public", "facility_type": "MULTI_UNIT_DWELLING" }, "geometry": { "type": "Point", "coordinates": [ 326548.694339226931334, 4308505.599071217700839 ] } },
{ "type": "Feature", "properties": { "station_name": "WMATA HQ", "street_address": "300 7th St NW", "city": "Washington", "state": "DC", "zip": "20004", "latitude": 38.893963, "longitude": -77.02249, "ev_network": "AMPUP", "ev_level1_evse_num": null, "ev_level2_evse_num": 4.0, "ev_dc_fast_num": null, "access_code": "public", "facility_type": "MUNI_GOV" }, "geometry": { "type": "Point", "coordinates": [ 324600.158153395168483, 4306953.850064791738987 ] } },
{ "type": "Feature", "properties": { "station_name": "1875 K St NW", "street_address": "1875 K St NW", "city": "Washington", "state": "DC", "zip": "20006", "latitude": 38.902913, "longitude": -77.043079, "ev_network": "AMPUP", "ev_level1_evse_num": null, "ev_level2_evse_num": 2.0, "ev_dc_fast_num": null, "access_code": "private", "facility_type": "PARKING_GARAGE" }, "geometry": { "type": "Point", "coordinates": [ 322836.673467601300217, 4307986.955414826050401 ] } },
{ "type": "Feature", "properties": { "station_name": "Knollwood Life Plan Community", "street_address": "6200 Oregon Avenue, NW", "city": "Washington", "state": "DC", "zip": "20015", "latitude": 38.9709327, "longitude": -77.0552771, "ev_network": "Blink Network", "ev_level1_evse_num": null, "ev_level2_evse_num": 4.0, "ev_dc_fast_num": null, "access_code": "public", "facility_type": null }, "geometry": { "type": "Point", "coordinates": [ 321949.09328195481794, 4315559.893520240671933 ] } },
{ "type": "Feature", "properties": { "station_name": "Hilton Garden Inn", "street_address": "2201 M St NW", "city": "Washington", "state": "DC", "zip": "20037", "latitude": 38.905627900370263, "longitude": -77.048965016891771, "ev_network": "Non-Networked", "ev_level1_evse_num": null, "ev_level2_evse_num": 2.0, "ev_dc_fast_num": null, "access_code": "public", "facility_type": "HOTEL" }, "geometry": { "type": "Point", "coordinates": [ 322332.997685128822923, 4308299.71907214820385 ] } },
{ "type": "Feature", "properties": { "station_name": "1055 High Condominium", "street_address": "1055 Wisconsin Avenue Northwest", "city": "Washington", "state": "DC", "zip": "20007", "latitude": 38.9041479, "longitude": -77.0627761, "ev_network": "Blink Network", "ev_level1_evse_num": null, "ev_level2_evse_num": 1.0, "ev_dc_fast_num": null, "access_code": "public", "facility_type": null }, "geometry": { "type": "Point", "coordinates": [ 321131.604731198574882, 4308162.463306016288698 ] } },
{ "type": "Feature", "properties": { "station_name": "1875 Pennsylvania Ave NW", "street_address": "1875 Pennsylvania Avenue Northwest", "city": "Washington", "state": "DC", "zip": "20006", "latitude": 38.9005059, "longitude": -77.0425038, "ev_network": "Blink Network", "ev_level1_evse_num": null, "ev_level2_evse_num": 1.0, "ev_dc_fast_num": null, "access_code": "public", "facility_type": null }, "geometry": { "type": "Point", "coordinates": [ 322880.572636799828615, 4307718.68785182479769 ] } },
{ "type": "Feature", "properties": { "station_name": "1201-1225 New York Avenue SPE", "street_address": "1201 New York Avenue, NW", "city": "Washington", "state": "DC", "zip": "20005", "latitude": 38.901252, "longitude": -77.028574, "ev_network": "Blink Network", "ev_level1_evse_num": null, "ev_level2_evse_num": 2.0, "ev_dc_fast_num": null, "access_code": "public", "facility_type": null }, "geometry": { "type": "Point", "coordinates": [ 324090.470502031850629, 4307774.530126691795886 ] } },
{ "type": "Feature", "properties": { "station_name": "The Hay-Adams - Tesla Destination", "street_address": "800 16th St NW", "city": "Washington", "state": "DC", "zip": "20006", "latitude": 38.900511, "longitude": -77.036949, "ev_network": "Tesla Destination", "ev_level1_evse_num": null, "ev_level2_evse_num": 1.0, "ev_dc_fast_num": null, "access_code": "public", "facility_type": null }, "geometry": { "type": "Point", "coordinates": [ 323362.323232341674156, 4307708.479699510149658 ] } },
{ "type": "Feature", "properties": { "station_name": "REEVES CANAL CANAL PARK 1", "street_address": "200 2nd PL St SE", "city": "Washington", "state": "DC", "zip": "20003", "latitude": 38.877744, "longitude": -77.0031, "ev_network": "ChargePoint Network", "ev_level1_evse_num": null, "ev_level2_evse_num": 2.0, "ev_dc_fast_num": null, "access_code": "public", "facility_type": null }, "geometry": { "type": "Point", "coordinates": [ 326242.374990876938682, 4305116.699900784529746 ] } },
{ "type": "Feature", "properties": { "station_name": "REEVES CANAL CANAL PARK 2", "street_address": "200 2nd PL St SE", "city": "Washington", "state": "DC", "zip": "20003", "latitude": 38.877816, "longitude": -77.003036, "ev_network": "ChargePoint Network", "ev_level1_evse_num": null, "ev_level2_evse_num": 2.0, "ev_dc_fast_num": null, "access_code": "public", "facility_type": null }, "geometry": { "type": "Point", "coordinates": [ 326248.102526620728895, 4305124.568815968930721 ] } },
{ "type": "Feature", "properties": { "station_name": "REEVES CANAL REEVES CENTER", "street_address": "2000 14th St NW", "city": "Washington", "state": "DC", "zip": "20009", "latitude": 38.917572, "longitude": -77.032484, "ev_network": "ChargePoint Network", "ev_level1_evse_num": null, "ev_level2_evse_num": 2.0, "ev_dc_fast_num": null, "access_code": "public", "facility_type": null }, "geometry": { "type": "Point", "coordinates": [ 323791.754272842779756, 4309593.342547728680074 ] } },
{ "type": "Feature", "properties": { "station_name": "Bozzuto - Tesla Supercharger", "street_address": "130 M Street NE", "city": "Washington", "state": "DC", "zip": "20002", "latitude": 38.90605, "longitude": -77.00506, "ev_network": "Tesla", "ev_level1_evse_num": null, "ev_level2_evse_num": null, "ev_dc_fast_num": 8.0, "access_code": "public", "facility_type": "PARKING_GARAGE" }, "geometry": { "type": "Point", "coordinates": [ 326141.393531768815592, 4308261.934574893675745 ] } },
{ "type": "Feature", "properties": { "station_name": "1625 NE CONDOS STATION 4", "street_address": "1625 Eckington Pl NE", "city": "Washington", "state": "DC", "zip": "20002", "latitude": 38.911779, "longitude": -77.003839, "ev_network": "ChargePoint Network", "ev_level1_evse_num": null, "ev_level2_evse_num": 2.0, "ev_dc_fast_num": null, "access_code": "public", "facility_type": null }, "geometry": { "type": "Point", "coordinates": [ 326261.248088017047849, 4308895.433463165536523 ] } },
{ "type": "Feature", "properties": { "station_name": "UDR THE MO #1", "street_address": "440 Penn St NE", "city": "Washington", "state": "DC", "zip": "20002", "latitude": 38.910556, "longitude": -76.996935, "ev_network": "ChargePoint Network", "ev_level1_evse_num": null, "ev_level2_evse_num": 2.0, "ev_dc_fast_num": null, "access_code": "public", "facility_type": null }, "geometry": { "type": "Point", "coordinates": [ 326856.924345272709616, 4308746.566667242906988 ] } },
{ "type": "Feature", "properties": { "station_name": "UDR THE MO #4", "street_address": "440 Penn St NE", "city": "Washington", "state": "DC", "zip": "20002", "latitude": 38.910557, "longitude": -76.996913, "ev_network": "ChargePoint Network", "ev_level1_evse_num": null, "ev_level2_evse_num": 2.0, "ev_dc_fast_num": null, "access_code": "public", "facility_type": null }, "geometry": { "type": "Point", "coordinates": [ 326858.834437523502856, 4308746.635872687213123 ] } },
{ "type": "Feature", "properties": { "station_name": "UDR THE MO #5", "street_address": "440 Penn St NE", "city": "Washington", "state": "DC", "zip": "20002", "latitude": 38.910575, "longitude": -76.996937, "ev_network": "ChargePoint Network", "ev_level1_evse_num": null, "ev_level2_evse_num": 2.0, "ev_dc_fast_num": null, "access_code": "public", "facility_type": null }, "geometry": { "type": "Point", "coordinates": [ 326856.797102682234254, 4308748.679156334139407 ] } },
{ "type": "Feature", "properties": { "station_name": "UDR THE MO #3", "street_address": "500 Penn St NE", "city": "Washington", "state": "DC", "zip": "20002", "latitude": 38.910613, "longitude": -76.996932, "ev_network": "ChargePoint Network", "ev_level1_evse_num": null, "ev_level2_evse_num": 2.0, "ev_dc_fast_num": null, "access_code": "public", "facility_type": null }, "geometry": { "type": "Point", "coordinates": [ 326857.323024270473979, 4308752.887043312191963 ] } },
{ "type": "Feature", "properties": { "station_name": "UDR THE MO #6", "street_address": "440 Penn St NE", "city": "Washington", "state": "DC", "zip": "20002", "latitude": 38.91055, "longitude": -76.996922, "ev_network": "ChargePoint Network", "ev_level1_evse_num": null, "ev_level2_evse_num": 2.0, "ev_dc_fast_num": null, "access_code": "public", "facility_type": null }, "geometry": { "type": "Point", "coordinates": [ 326858.037016486341599, 4308745.876077582128346 ] } },
{ "type": "Feature", "properties": { "station_name": "UDR THE MO #7", "street_address": "440 Penn St NE", "city": "Washington", "state": "DC", "zip": "20002", "latitude": 38.910563, "longitude": -76.996921, "ev_network": "ChargePoint Network", "ev_level1_evse_num": null, "ev_level2_evse_num": 2.0, "ev_dc_fast_num": null, "access_code": "public", "facility_type": null }, "geometry": { "type": "Point", "coordinates": [ 326858.155325791973155, 4308747.316967172548175 ] } },
{ "type": "Feature", "properties": { "station_name": "1201 CHARGER 1201 I ST", "street_address": "1201 I St NW", "city": "Washington", "state": "DC", "zip": "20005", "latitude": 38.901662, "longitude": -77.028211, "ev_network": "ChargePoint Network", "ev_level1_evse_num": null, "ev_level2_evse_num": 2.0, "ev_dc_fast_num": null, "access_code": "public", "facility_type": null }, "geometry": { "type": "Point", "coordinates": [ 324122.96312920685159, 4307819.333415700122714 ] } },
{ "type": "Feature", "properties": { "station_name": "THE ALECK STATION 1", "street_address": "1400 L St NW", "city": "Washington", "state": "DC", "zip": "20005", "latitude": 38.903557, "longitude": -77.032251, "ev_network": "ChargePoint Network", "ev_level1_evse_num": null, "ev_level2_evse_num": 2.0, "ev_dc_fast_num": null, "access_code": "public", "facility_type": null }, "geometry": { "type": "Point", "coordinates": [ 323777.288466628990136, 4308037.447912543080747 ] } },
{ "type": "Feature", "properties": { "station_name": "1615 M Street", "street_address": "1725 DeSales Street, NW, Suite 200", "city": "Washington", "state": "DC", "zip": "20036", "latitude": 38.904969, "longitude": -77.039742, "ev_network": "Blink Network", "ev_level1_evse_num": null, "ev_level2_evse_num": 2.0, "ev_dc_fast_num": null, "access_code": "public", "facility_type": null }, "geometry": { "type": "Point", "coordinates": [ 323131.167616952036042, 4308208.661071690730751 ] } },
{ "type": "Feature", "properties": { "station_name": "Coda at Bryant St", "street_address": "600 Rhode Island Ave NE", "city": "Washington", "state": "DC", "zip": "20002", "latitude": 38.920692, "longitude": -76.9985119, "ev_network": "Blink Network", "ev_level1_evse_num": null, "ev_level2_evse_num": 2.0, "ev_dc_fast_num": null, "access_code": "public", "facility_type": null }, "geometry": { "type": "Point", "coordinates": [ 326744.846965061326046, 4309874.494688371196389 ] } },
{ "type": "Feature", "properties": { "station_name": "The Chase on Bryant St", "street_address": "670 Rhode Island Ave NE", "city": "Washington", "state": "DC", "zip": "20002", "latitude": 38.9220634, "longitude": -76.9965695, "ev_network": "Blink Network", "ev_level1_evse_num": null, "ev_level2_evse_num": 2.0, "ev_dc_fast_num": null, "access_code": "public", "facility_type": null }, "geometry": { "type": "Point", "coordinates": [ 326916.585652383160777, 4310023.007962356321514 ] } },
{ "type": "Feature", "properties": { "station_name": "Bryant Venture Phase 1-A&C,LLC", "street_address": "Master Association 680 Rhode Island Ave NE", "city": "Washington", "state": "DC", "zip": "20002", "latitude": 38.921913, "longitude": -76.9968757, "ev_network": "Blink Network", "ev_level1_evse_num": null, "ev_level2_evse_num": 2.0, "ev_dc_fast_num": null, "access_code": "public", "facility_type": null }, "geometry": { "type": "Point", "coordinates": [ 326889.673124343622476, 4310006.897449152544141 ] } },
{ "type": "Feature", "properties": { "station_name": "JBG - LEnfant Plaza - Washington DC", "street_address": "480 L'Enfant Plaza Southwest", "city": "Washington", "state": "DC", "zip": "20024", "latitude": 38.883525, "longitude": -77.025527, "ev_network": "Blink Network", "ev_level1_evse_num": null, "ev_level2_evse_num": 2.0, "ev_dc_fast_num": null, "access_code": "public", "facility_type": null }, "geometry": { "type": "Point", "coordinates": [ 324311.029912549071014, 4305801.246154027990997 ] } },
{ "type": "Feature", "properties": { "station_name": "1101 16th Street", "street_address": "1101 16th Street NW", "city": "Washington", "state": "DC", "zip": "20036", "latitude": 38.903948, "longitude": -77.036063, "ev_network": "Blink Network", "ev_level1_evse_num": null, "ev_level2_evse_num": 2.0, "ev_dc_fast_num": null, "access_code": "public", "facility_type": null }, "geometry": { "type": "Point", "coordinates": [ 323447.677462935564108, 4308088.216502668336034 ] } },
{ "type": "Feature", "properties": { "station_name": "ST. ELIZABETH P CHARGER-004", "street_address": "1100 Oak Dr SE", "city": "Washington", "state": "DC", "zip": "20020", "latitude": 38.84783, "longitude": -76.99126, "ev_network": "ChargePoint Network", "ev_level1_evse_num": null, "ev_level2_evse_num": 2.0, "ev_dc_fast_num": null, "access_code": "public", "facility_type": null }, "geometry": { "type": "Point", "coordinates": [ 327197.090775653603487, 4301774.277125072665513 ] } },
{ "type": "Feature", "properties": { "station_name": "ST. ELIZABETH P CHARGER-006", "street_address": "1100 Oak Dr SE", "city": "Washington", "state": "DC", "zip": "20020", "latitude": 38.84784, "longitude": -76.99127, "ev_network": "ChargePoint Network", "ev_level1_evse_num": null, "ev_level2_evse_num": 2.0, "ev_dc_fast_num": null, "access_code": "public", "facility_type": null }, "geometry": { "type": "Point", "coordinates": [ 327196.247097297047731, 4301775.405878357589245 ] } },
{ "type": "Feature", "properties": { "station_name": "ST. ELIZABETH P CHARGER-005", "street_address": "1100 Oak Dr SE", "city": "Washington", "state": "DC", "zip": "20020", "latitude": 38.84782, "longitude": -76.99125, "ev_network": "ChargePoint Network", "ev_level1_evse_num": null, "ev_level2_evse_num": 2.0, "ev_dc_fast_num": null, "access_code": "public", "facility_type": null }, "geometry": { "type": "Point", "coordinates": [ 327197.934454257541802, 4301773.148371887393296 ] } },
{ "type": "Feature", "properties": { "station_name": "ST. ELIZABETH P CHARGER 001", "street_address": "1100 Oak Dr SE", "city": "Washington", "state": "DC", "zip": "20020", "latitude": 38.84786, "longitude": -76.99129, "ev_network": "ChargePoint Network", "ev_level1_evse_num": null, "ev_level2_evse_num": 2.0, "ev_dc_fast_num": null, "access_code": "public", "facility_type": null }, "geometry": { "type": "Point", "coordinates": [ 327194.559741326607764, 4301777.663385228253901 ] } },
{ "type": "Feature", "properties": { "station_name": "UDR THE MO #8", "street_address": "440 Penn St NE", "city": "Washington", "state": "DC", "zip": "20002", "latitude": 38.910541, "longitude": -76.996952, "ev_network": "ChargePoint Network", "ev_level1_evse_num": null, "ev_level2_evse_num": 2.0, "ev_dc_fast_num": null, "access_code": "public", "facility_type": null }, "geometry": { "type": "Point", "coordinates": [ 326855.41378394968342, 4308744.934194701723754 ] } },
{ "type": "Feature", "properties": { "station_name": "Hines", "street_address": "700 13th St NW", "city": "Washington", "state": "DC", "zip": "20005", "latitude": 38.8988961, "longitude": -77.0298326, "ev_network": "AMPUP", "ev_level1_evse_num": null, "ev_level2_evse_num": 4.0, "ev_dc_fast_num": null, "access_code": "public", "facility_type": "OFFICE_BLDG" }, "geometry": { "type": "Point", "coordinates": [ 323975.500854930200148, 4307515.491429367102683 ] } },
{ "type": "Feature", "properties": { "station_name": "Whitefriars Hall", "street_address": "1600 Webster St NE", "city": "Washington", "state": "DC", "zip": "20017", "latitude": 38.9447343, "longitude": -76.9825538, "ev_network": "AMPUP", "ev_level1_evse_num": null, "ev_level2_evse_num": 2.0, "ev_dc_fast_num": null, "access_code": "private", "facility_type": "PLACE_OF_WORSHIP" }, "geometry": { "type": "Point", "coordinates": [ 328186.44939382316079, 4312512.59315421897918 ] } },
{ "type": "Feature", "properties": { "station_name": "UDR THE MO #2", "street_address": "440 Penn St NE", "city": "Washington", "state": "DC", "zip": "20002", "latitude": 38.910565, "longitude": -76.996901, "ev_network": "ChargePoint Network", "ev_level1_evse_num": null, "ev_level2_evse_num": 2.0, "ev_dc_fast_num": null, "access_code": "public", "facility_type": null }, "geometry": { "type": "Point", "coordinates": [ 326859.894424613041338, 4308747.500954627990723 ] } },
{ "type": "Feature", "properties": { "station_name": "Verge", "street_address": "1800 Half Street SW Washington, DC 20024", "city": "Washington", "state": "DC", "zip": "20024", "latitude": 38.8680254, "longitude": -77.0101875, "ev_network": "Blink Network", "ev_level1_evse_num": null, "ev_level2_evse_num": 4.0, "ev_dc_fast_num": null, "access_code": "public", "facility_type": null }, "geometry": { "type": "Point", "coordinates": [ 325603.76106922380859, 4304051.619071981869638 ] } },
{ "type": "Feature", "properties": { "station_name": "Jamestown Georgetown Park Garage (Washington, DC)", "street_address": "3222 M St NW", "city": "Washington", "state": "DC", "zip": "20007", "latitude": 38.905, "longitude": -77.0632, "ev_network": "Electrify America", "ev_level1_evse_num": null, "ev_level2_evse_num": null, "ev_dc_fast_num": 6.0, "access_code": "public", "facility_type": null }, "geometry": { "type": "Point", "coordinates": [ 321096.983557034283876, 4308257.86490330286324 ] } },
{ "type": "Feature", "properties": { "station_name": "PORTRAIT BLDG EXPRESS250", "street_address": "701 8th St NW", "city": "Washington", "state": "DC", "zip": "20001", "latitude": 38.898909, "longitude": -77.022677, "ev_network": "ChargePoint Network", "ev_level1_evse_num": null, "ev_level2_evse_num": 2.0, "ev_dc_fast_num": null, "access_code": "public", "facility_type": null }, "geometry": { "type": "Point", "coordinates": [ 324596.112270280602388, 4307503.135951489210129 ] } },
{ "type": "Feature", "properties": { "station_name": "TOWER COMPANIES 1828 L ST #3", "street_address": "1828 L St NW", "city": "Washington", "state": "DC", "zip": "20036", "latitude": 38.903546, "longitude": -77.042768, "ev_network": "ChargePoint Network", "ev_level1_evse_num": null, "ev_level2_evse_num": 2.0, "ev_dc_fast_num": null, "access_code": "public", "facility_type": null }, "geometry": { "type": "Point", "coordinates": [ 322865.21758780250093, 4308056.604288376867771 ] } },
{ "type": "Feature", "properties": { "station_name": "TOWER COMPANIES 1828 L ST #2", "street_address": "1828 L St NW", "city": "Washington", "state": "DC", "zip": "20036", "latitude": 38.90352, "longitude": -77.04278, "ev_network": "ChargePoint Network", "ev_level1_evse_num": null, "ev_level2_evse_num": 2.0, "ev_dc_fast_num": null, "access_code": "public", "facility_type": null }, "geometry": { "type": "Point", "coordinates": [ 322864.112298518186435, 4308053.742007604800165 ] } },
{ "type": "Feature", "properties": { "station_name": "The Atlantic Building Garage", "street_address": "545 10th St. NW.", "city": "Washington", "state": "DC", "zip": "20004", "latitude": 38.897035419527633, "longitude": -77.025811672210708, "ev_network": "FLASH", "ev_level1_evse_num": null, "ev_level2_evse_num": 8.0, "ev_dc_fast_num": null, "access_code": "public", "facility_type": "PUBLIC" }, "geometry": { "type": "Point", "coordinates": [ 324319.634894245886244, 4307301.232378422282636 ] } },
{ "type": "Feature", "properties": { "station_name": "Uline Arena Garage", "street_address": "1199 Congress St. NE.", "city": "Washington", "state": "DC", "zip": "20002", "latitude": 38.904518792311343, "longitude": -77.002750039100661, "ev_network": "FLASH", "ev_level1_evse_num": null, "ev_level2_evse_num": 6.0, "ev_dc_fast_num": null, "access_code": "public", "facility_type": "PUBLIC" }, "geometry": { "type": "Point", "coordinates": [ 326337.975328825006727, 4308087.593579396605492 ] } },
{ "type": "Feature", "properties": { "station_name": "531709 - 77 K Street NE", "street_address": "77 K St NE", "city": "Washington", "state": "DC", "zip": "20002", "latitude": 38.9020512, "longitude": -77.0063357, "ev_network": "Blink Network", "ev_level1_evse_num": null, "ev_level2_evse_num": 6.0, "ev_dc_fast_num": null, "access_code": "public", "facility_type": null }, "geometry": { "type": "Point", "coordinates": [ 326021.004186565929558, 4307820.565837638452649 ] } },
{ "type": "Feature", "properties": { "station_name": "2100 Penn", "street_address": "2100 Pennsylvania Avenue Northwest", "city": "Washington", "state": "DC", "zip": "20037", "latitude": 38.9011081, "longitude": -77.0470223, "ev_network": "Blink Network", "ev_level1_evse_num": null, "ev_level2_evse_num": 5.0, "ev_dc_fast_num": null, "access_code": "public", "facility_type": null }, "geometry": { "type": "Point", "coordinates": [ 322490.207285789889283, 4307794.30841498170048 ] } },
{ "type": "Feature", "properties": { "station_name": "431702  Avalon at Foxhall", "street_address": "4100 Massachusetts Avenue Northwest", "city": "Washington", "state": "DC", "zip": "20016", "latitude": 38.93357433, "longitude": -77.08182946, "ev_network": "Blink Network", "ev_level1_evse_num": null, "ev_level2_evse_num": 4.0, "ev_dc_fast_num": null, "access_code": "public", "facility_type": null }, "geometry": { "type": "Point", "coordinates": [ 319553.867644421872683, 4311465.907360813580453 ] } },
{ "type": "Feature", "properties": { "station_name": "431701  Avalon at Gallery Place", "street_address": "770 5th Street Northwest", "city": "Washington", "state": "DC", "zip": "20001", "latitude": 38.8988895, "longitude": -77.0191846, "ev_network": "Blink Network", "ev_level1_evse_num": null, "ev_level2_evse_num": 3.0, "ev_dc_fast_num": null, "access_code": "public", "facility_type": null }, "geometry": { "type": "Point", "coordinates": [ 324898.947485115320887, 4307494.260426218621433 ] } },
{ "type": "Feature", "properties": { "station_name": "Amaris Condo", "street_address": "601 Wharf St SW", "city": "Washington", "state": "DC", "zip": "20024", "latitude": 38.8765843, "longitude": -77.0213025, "ev_network": "Blink Network", "ev_level1_evse_num": null, "ev_level2_evse_num": 1.0, "ev_dc_fast_num": null, "access_code": "public", "facility_type": null }, "geometry": { "type": "Point", "coordinates": [ 324660.419973204261623, 4305022.81515129096806 ] } },
{ "type": "Feature", "properties": { "station_name": "431701  Avalon at Gallery Place (Shared)", "street_address": "770 5th Street Northwest", "city": "Washington", "state": "DC", "zip": "20001", "latitude": 38.89898, "longitude": -77.01925, "ev_network": "Blink Network", "ev_level1_evse_num": null, "ev_level2_evse_num": 1.0, "ev_dc_fast_num": null, "access_code": "public", "facility_type": null }, "geometry": { "type": "Point", "coordinates": [ 324893.497953665675595, 4307504.430038594640791 ] } },
{ "type": "Feature", "properties": { "station_name": "Masaveu 900 G Washington, LLC", "street_address": "900 G Street Northwest", "city": "Washington", "state": "DC", "zip": "20001", "latitude": 38.8981064, "longitude": -77.024354, "ev_network": "Blink Network", "ev_level1_evse_num": null, "ev_level2_evse_num": 2.0, "ev_dc_fast_num": null, "access_code": "public", "facility_type": null }, "geometry": { "type": "Point", "coordinates": [ 324448.695036120014265, 4307417.287060253322124 ] } },
{ "type": "Feature", "properties": { "station_name": "The Warner Building", "street_address": "1299 Pennsylvania Ave NW", "city": "Washington", "state": "DC", "zip": "20004", "latitude": 38.8962672, "longitude": -77.0281661, "ev_network": "Blink Network", "ev_level1_evse_num": null, "ev_level2_evse_num": 8.0, "ev_dc_fast_num": null, "access_code": "public", "facility_type": null }, "geometry": { "type": "Point", "coordinates": [ 324113.542529316851869, 4307220.510347468778491 ] } },
{ "type": "Feature", "properties": { "station_name": "Modern on M", "street_address": "465 M St SW", "city": "Washington", "state": "DC", "zip": "20024", "latitude": 38.8765953, "longitude": -77.0186526, "ev_network": "Blink Network", "ev_level1_evse_num": null, "ev_level2_evse_num": 4.0, "ev_dc_fast_num": null, "access_code": "public", "facility_type": null }, "geometry": { "type": "Point", "coordinates": [ 324890.335173632367514, 4305018.94692871440202 ] } },
{ "type": "Feature", "properties": { "station_name": "Modern on M - K Street", "street_address": "480 K Street Southwest", "city": "Washington", "state": "DC", "zip": "20024", "latitude": 38.8781081, "longitude": -77.0193426, "ev_network": "Blink Network", "ev_level1_evse_num": null, "ev_level2_evse_num": 4.0, "ev_dc_fast_num": null, "access_code": "public", "facility_type": null }, "geometry": { "type": "Point", "coordinates": [ 324834.190858613234013, 4305188.167257565073669 ] } },
{ "type": "Feature", "properties": { "station_name": "Amaris", "street_address": "601 Wharf St SW", "city": "Washington", "state": "DC", "zip": "20024", "latitude": 38.8767298, "longitude": -77.0214478, "ev_network": "Blink Network", "ev_level1_evse_num": null, "ev_level2_evse_num": 1.0, "ev_dc_fast_num": null, "access_code": "public", "facility_type": null }, "geometry": { "type": "Point", "coordinates": [ 324648.172414170519914, 4305039.242491415701807 ] } },
{ "type": "Feature", "properties": { "station_name": "58302", "street_address": "1201 M Street SE", "city": "Washington", "state": "DC", "zip": "20003", "latitude": 38.875849, "longitude": -76.989356, "ev_network": "Blink Network", "ev_level1_evse_num": null, "ev_level2_evse_num": 2.0, "ev_dc_fast_num": null, "access_code": "public", "facility_type": null }, "geometry": { "type": "Point", "coordinates": [ 327430.107375308580231, 4304880.302558626048267 ] } },
{ "type": "Feature", "properties": { "station_name": "1101 New York Avenue", "street_address": "1101 New York Avenue Northwest", "city": "Washington", "state": "DC", "zip": "20005", "latitude": 38.901890409774282, "longitude": -77.027591560478854, "ev_network": "Blink Network", "ev_level1_evse_num": null, "ev_level2_evse_num": 4.0, "ev_dc_fast_num": null, "access_code": "public", "facility_type": null }, "geometry": { "type": "Point", "coordinates": [ 324177.24642795388354, 4307843.488743141293526 ] } },
{ "type": "Feature", "properties": { "station_name": "Brookland Parking Garage", "street_address": "818 Michigan Avenue", "city": "Washington", "state": "DC", "zip": "20017", "latitude": 38.935515, "longitude": -76.99484, "ev_network": "Blink Network", "ev_level1_evse_num": null, "ev_level2_evse_num": 8.0, "ev_dc_fast_num": null, "access_code": "public", "facility_type": null }, "geometry": { "type": "Point", "coordinates": [ 327099.203503266500775, 4311512.637906935997307 ] } },
{ "type": "Feature", "properties": { "station_name": "505 9th Street NW", "street_address": "505 9th Street Northwest", "city": "Washington", "state": "DC", "zip": "20004", "latitude": 38.89683, "longitude": -77.023006, "ev_network": "Blink Network", "ev_level1_evse_num": null, "ev_level2_evse_num": 4.0, "ev_dc_fast_num": null, "access_code": "public", "facility_type": null }, "geometry": { "type": "Point", "coordinates": [ 324562.461472170543857, 4307273.033251762390137 ] } },
{ "type": "Feature", "properties": { "station_name": "40P SONYA 2", "street_address": "40 Patterson St NE", "city": "Washington", "state": "DC", "zip": "20002", "latitude": 38.906589, "longitude": -77.007774, "ev_network": "ChargePoint Network", "ev_level1_evse_num": null, "ev_level2_evse_num": 2.0, "ev_dc_fast_num": null, "access_code": "public", "facility_type": null }, "geometry": { "type": "Point", "coordinates": [ 325907.359341195900925, 4308326.93312906473875 ] } },
{ "type": "Feature", "properties": { "station_name": "40P SONYA 1", "street_address": "40 Patterson St NE", "city": "Washington", "state": "DC", "zip": "20002", "latitude": 38.90653, "longitude": -77.007445, "ev_network": "ChargePoint Network", "ev_level1_evse_num": null, "ev_level2_evse_num": 2.0, "ev_dc_fast_num": null, "access_code": "public", "facility_type": null }, "geometry": { "type": "Point", "coordinates": [ 325935.745036877866369, 4308319.756980163045228 ] } },
{ "type": "Feature", "properties": { "station_name": "ST REGIS VALET ST REGIS VALET", "street_address": "923 Black Lives Matter Plz NW", "city": "Washington", "state": "DC", "zip": "20006", "latitude": 38.90213, "longitude": -77.036152, "ev_network": "ChargePoint Network", "ev_level1_evse_num": null, "ev_level2_evse_num": 2.0, "ev_dc_fast_num": null, "access_code": "public", "facility_type": null }, "geometry": { "type": "Point", "coordinates": [ 323435.454403972253203, 4307886.619581869803369 ] } },
{ "type": "Feature", "properties": { "station_name": "SEIU Building", "street_address": "1800 Massachusetts Avenue Northwest", "city": "Washington", "state": "DC", "zip": "20036", "latitude": 38.909582259294261, "longitude": -77.0422538, "ev_network": "Blink Network", "ev_level1_evse_num": null, "ev_level2_evse_num": 2.0, "ev_dc_fast_num": null, "access_code": "public", "facility_type": null }, "geometry": { "type": "Point", "coordinates": [ 322924.813180466124322, 4308725.535753075033426 ] } },
{ "type": "Feature", "properties": { "station_name": "1200 First St NE", "street_address": "1200 First St NE", "city": "Washington", "state": "DC", "zip": "20002", "latitude": 38.90608235, "longitude": -77.00629931, "ev_network": "Non-Networked", "ev_level1_evse_num": 2.0, "ev_level2_evse_num": 2.0, "ev_dc_fast_num": null, "access_code": "public", "facility_type": "PARKING_GARAGE" }, "geometry": { "type": "Point", "coordinates": [ 326034.00267769373022, 4308267.888616512529552 ] } },
{ "type": "Feature", "properties": { "station_name": "1001 Pennsylvania", "street_address": "1001 Pennsylvania Avenue Northwest", "city": "Washington", "state": "DC", "zip": "20004", "latitude": 38.895414, "longitude": -77.0260068, "ev_network": "Blink Network", "ev_level1_evse_num": null, "ev_level2_evse_num": 2.0, "ev_dc_fast_num": null, "access_code": "public", "facility_type": null }, "geometry": { "type": "Point", "coordinates": [ 324298.714525826275349, 4307121.656778442673385 ] } },
{ "type": "Feature", "properties": { "station_name": "BRE 1025CT-A", "street_address": "1025 Connecticut Ave NW", "city": "Washington", "state": "DC", "zip": "20036", "latitude": 38.903394, "longitude": -77.039271, "ev_network": "ChargePoint Network", "ev_level1_evse_num": null, "ev_level2_evse_num": 2.0, "ev_dc_fast_num": null, "access_code": "public", "facility_type": null }, "geometry": { "type": "Point", "coordinates": [ 323168.103473137482069, 4308032.947390829212964 ] } },
{ "type": "Feature", "properties": { "station_name": "BRE 1025CT-B", "street_address": "1025 Connecticut Ave NW", "city": "Washington", "state": "DC", "zip": "20036", "latitude": 38.903379, "longitude": -77.039264, "ev_network": "ChargePoint Network", "ev_level1_evse_num": null, "ev_level2_evse_num": 2.0, "ev_dc_fast_num": null, "access_code": "public", "facility_type": null }, "geometry": { "type": "Point", "coordinates": [ 323168.673294192063622, 4308031.269052770920098 ] } },
{ "type": "Feature", "properties": { "station_name": "BRE 1730RI-A", "street_address": "1730 Rhode Island Ave NW", "city": "Washington", "state": "DC", "zip": "20036", "latitude": 38.906065, "longitude": -77.039281, "ev_network": "ChargePoint Network", "ev_level1_evse_num": null, "ev_level2_evse_num": 2.0, "ev_dc_fast_num": null, "access_code": "public", "facility_type": null }, "geometry": { "type": "Point", "coordinates": [ 323173.865338655654341, 4308329.405733374878764 ] } },
{ "type": "Feature", "properties": { "station_name": "BRE 1730RI-B", "street_address": "1730 Rhode Island Ave NW", "city": "Washington", "state": "DC", "zip": "20036", "latitude": 38.906059, "longitude": -77.039297, "ev_network": "ChargePoint Network", "ev_level1_evse_num": null, "ev_level2_evse_num": 2.0, "ev_dc_fast_num": null, "access_code": "public", "facility_type": null }, "geometry": { "type": "Point", "coordinates": [ 323172.462961310462561, 4308328.770856178365648 ] } },
{ "type": "Feature", "properties": { "station_name": "BRE 1120CT-A", "street_address": "1120 Connecticut Ave NW", "city": "Washington", "state": "DC", "zip": "20036", "latitude": 38.904381, "longitude": -77.040625, "ev_network": "ChargePoint Network", "ev_level1_evse_num": null, "ev_level2_evse_num": 2.0, "ev_dc_fast_num": null, "access_code": "public", "facility_type": null }, "geometry": { "type": "Point", "coordinates": [ 323053.134267695771996, 4308145.115439459681511 ] } },
{ "type": "Feature", "properties": { "station_name": "BRE 1120CT-B", "street_address": "1120 Connecticut Ave NW", "city": "Washington", "state": "DC", "zip": "20036", "latitude": 38.904392, "longitude": -77.040632, "ev_network": "ChargePoint Network", "ev_level1_evse_num": null, "ev_level2_evse_num": 2.0, "ev_dc_fast_num": null, "access_code": "public", "facility_type": null }, "geometry": { "type": "Point", "coordinates": [ 323052.554546767787542, 4308146.349850156344473 ] } },
{ "type": "Feature", "properties": { "station_name": "555 12ST ST NW 1", "street_address": "555 12th St NW", "city": "Washington", "state": "DC", "zip": "20004", "latitude": 38.9, "longitude": -77.03, "ev_network": "AMPUP", "ev_level1_evse_num": null, "ev_level2_evse_num": 6.0, "ev_dc_fast_num": null, "access_code": "public", "facility_type": null }, "geometry": { "type": "Point", "coordinates": [ 323963.709783644182608, 4307638.329827385954559 ] } },
{ "type": "Feature", "properties": { "station_name": "555 12st St NW", "street_address": "555 12th St NW", "city": "Washington", "state": "DC", "zip": "20004", "latitude": 38.9, "longitude": -77.03, "ev_network": "AMPUP", "ev_level1_evse_num": null, "ev_level2_evse_num": 7.0, "ev_dc_fast_num": null, "access_code": "public", "facility_type": null }, "geometry": { "type": "Point", "coordinates": [ 323963.709783644182608, 4307638.329827385954559 ] } },
{ "type": "Feature", "properties": { "station_name": "International Square", "street_address": "1850 K St NW", "city": "Washington", "state": "DC", "zip": "20006", "latitude": 38.90231, "longitude": -77.04307, "ev_network": "AMPUP", "ev_level1_evse_num": null, "ev_level2_evse_num": 2.0, "ev_dc_fast_num": null, "access_code": "public", "facility_type": "MULTI_UNIT_DWELLING" }, "geometry": { "type": "Point", "coordinates": [ 322835.954680572147481, 4307920.014410017989576 ] } },
{ "type": "Feature", "properties": { "station_name": "Alley Entrance - 641 S. St. NW. Garage", "street_address": "641 S. St. NW.", "city": "Washington", "state": "DC", "zip": "20001", "latitude": 38.9146314, "longitude": -77.021299, "ev_network": "FLASH", "ev_level1_evse_num": null, "ev_level2_evse_num": 2.0, "ev_dc_fast_num": null, "access_code": "public", "facility_type": "PUBLIC" }, "geometry": { "type": "Point", "coordinates": [ 324754.299427907390054, 4309245.421745354309678 ] } },
{ "type": "Feature", "properties": { "station_name": "1630 Connecticut Ave. NW. Garage", "street_address": "2007 Hillyer Pl. NW.", "city": "Washington", "state": "DC", "zip": "20009", "latitude": 38.911940587530403, "longitude": -77.045448193568475, "ev_network": "FLASH", "ev_level1_evse_num": null, "ev_level2_evse_num": 2.0, "ev_dc_fast_num": null, "access_code": "public", "facility_type": "WORKPLACE" }, "geometry": { "type": "Point", "coordinates": [ 322653.687324346974492, 4308993.482373186387122 ] } },
{ "type": "Feature", "properties": { "station_name": "UNION MARKET GUM 1", "street_address": "1325 5th St NE", "city": "Washington", "state": "DC", "zip": "20002", "latitude": 38.909, "longitude": -76.996993, "ev_network": "ChargePoint Network", "ev_level1_evse_num": null, "ev_level2_evse_num": 2.0, "ev_dc_fast_num": null, "access_code": "public", "facility_type": null }, "geometry": { "type": "Point", "coordinates": [ 326848.113016726216301, 4308573.986133637838066 ] } },
{ "type": "Feature", "properties": { "station_name": "UNION MARKET GUM 2", "street_address": "1325 5th St NE", "city": "Washington", "state": "DC", "zip": "20002", "latitude": 38.909039, "longitude": -76.997152, "ev_network": "ChargePoint Network", "ev_level1_evse_num": null, "ev_level2_evse_num": 2.0, "ev_dc_fast_num": null, "access_code": "public", "facility_type": null }, "geometry": { "type": "Point", "coordinates": [ 326834.420323706814088, 4308578.616460618562996 ] } },
{ "type": "Feature", "properties": { "station_name": "UNION MARKET GUM 3", "street_address": "1325 5th St NE", "city": "Washington", "state": "DC", "zip": "20002", "latitude": 38.909042, "longitude": -76.997173, "ev_network": "ChargePoint Network", "ev_level1_evse_num": null, "ev_level2_evse_num": 2.0, "ev_dc_fast_num": null, "access_code": "public", "facility_type": null }, "geometry": { "type": "Point", "coordinates": [ 326832.606627426925115, 4308578.989295359700918 ] } },
{ "type": "Feature", "properties": { "station_name": "BRE 1150CT-A", "street_address": "1150 Connecticut Ave NW", "city": "Washington", "state": "DC", "zip": "20036", "latitude": 38.90542, "longitude": -77.041331, "ev_network": "ChargePoint Network", "ev_level1_evse_num": null, "ev_level2_evse_num": 2.0, "ev_dc_fast_num": null, "access_code": "public", "facility_type": null }, "geometry": { "type": "Point", "coordinates": [ 322994.491272961371578, 4308261.798366074450314 ] } },
{ "type": "Feature", "properties": { "station_name": "BRE 1150CT-B", "street_address": "1150 Connecticut Ave NW", "city": "Washington", "state": "DC", "zip": "20036", "latitude": 38.905448, "longitude": -77.041356, "ev_network": "ChargePoint Network", "ev_level1_evse_num": null, "ev_level2_evse_num": 2.0, "ev_dc_fast_num": null, "access_code": "public", "facility_type": null }, "geometry": { "type": "Point", "coordinates": [ 322992.392870754469186, 4308264.954457109794021 ] } },
{ "type": "Feature", "properties": { "station_name": "1155 F St. NW. Garage", "street_address": "611 12th St. NW.", "city": "Washington", "state": "DC", "zip": "20005", "latitude": 38.897736206523113, "longitude": -77.027952075004592, "ev_network": "FLASH", "ev_level1_evse_num": null, "ev_level2_evse_num": 4.0, "ev_dc_fast_num": null, "access_code": "public", "facility_type": "PUBLIC" }, "geometry": { "type": "Point", "coordinates": [ 324135.729840903601144, 4307383.133776101283729 ] } },
{ "type": "Feature", "properties": { "station_name": "2099 Penn", "street_address": "2099 Pennsylvania Avenue Northwest", "city": "Washington", "state": "DC", "zip": "20006", "latitude": 38.901896113877207, "longitude": -77.046260542329165, "ev_network": "Blink Network", "ev_level1_evse_num": null, "ev_level2_evse_num": 2.0, "ev_dc_fast_num": null, "access_code": "public", "facility_type": null }, "geometry": { "type": "Point", "coordinates": [ 322558.232248597720172, 4307880.28305044118315 ] } },
{ "type": "Feature", "properties": { "station_name": "UNION MARKET GUM 4", "street_address": "1331 5th St NE", "city": "Washington", "state": "DC", "zip": "20002", "latitude": 38.909403, "longitude": -76.997083, "ev_network": "ChargePoint Network", "ev_level1_evse_num": null, "ev_level2_evse_num": 2.0, "ev_dc_fast_num": null, "access_code": "public", "facility_type": null }, "geometry": { "type": "Point", "coordinates": [ 326841.288345593260601, 4308618.883491045795381 ] } },
{ "type": "Feature", "properties": { "station_name": "Target Garage", "street_address": "66 16th St. NE.", "city": "Washington", "state": "DC", "zip": "20002", "latitude": 38.916295628978453, "longitude": -76.981340646743789, "ev_network": "FLASH", "ev_level1_evse_num": null, "ev_level2_evse_num": 3.0, "ev_dc_fast_num": null, "access_code": "public", "facility_type": "PUBLIC" }, "geometry": { "type": "Point", "coordinates": [ 328222.98138035601005, 4309354.072850056923926 ] } },
{ "type": "Feature", "properties": { "station_name": "Conrad Washington DC - P1", "street_address": "950 New York Avenue Northwest", "city": "Washington", "state": "DC", "zip": "20001", "latitude": 38.901306, "longitude": -77.0255817, "ev_network": "Blink Network", "ev_level1_evse_num": null, "ev_level2_evse_num": 2.0, "ev_dc_fast_num": null, "access_code": "public", "facility_type": null }, "geometry": { "type": "Point", "coordinates": [ 324350.106557275983505, 4307774.755351698957384 ] } },
{ "type": "Feature", "properties": { "station_name": "Washington, DC - Wisconsin Avenue - Tesla Destination", "street_address": "4000 Wisconsin Ave", "city": "Washington", "state": "DC", "zip": "20016", "latitude": 38.94182, "longitude": -77.07701, "ev_network": "Tesla Destination", "ev_level1_evse_num": null, "ev_level2_evse_num": 34.0, "ev_dc_fast_num": null, "access_code": "public", "facility_type": "PARKING_GARAGE" }, "geometry": { "type": "Point", "coordinates": [ 319992.500190532067791, 4312371.523635586723685 ] } },
{ "type": "Feature", "properties": { "station_name": "Transwestern", "street_address": "1800 K Street Northwest", "city": "Washington", "state": "DC", "zip": "20006", "latitude": 38.902216814340854, "longitude": -77.042165457670819, "ev_network": "Blink Network", "ev_level1_evse_num": null, "ev_level2_evse_num": 4.0, "ev_dc_fast_num": null, "access_code": "public", "facility_type": null }, "geometry": { "type": "Point", "coordinates": [ 322914.167228067410178, 4307907.91529140714556 ] } },
{ "type": "Feature", "properties": { "station_name": "4221 Connecticut Ave. NW. Garage", "street_address": "4221 Connecticut Ave. NW.", "city": "Washington", "state": "DC", "zip": "20008", "latitude": 38.943663831782843, "longitude": -77.062956780064283, "ev_network": "FLASH", "ev_level1_evse_num": null, "ev_level2_evse_num": 1.0, "ev_dc_fast_num": null, "access_code": "public", "facility_type": "PUBLIC" }, "geometry": { "type": "Point", "coordinates": [ 321215.190846188808791, 4312548.490475250408053 ] } },
{ "type": "Feature", "properties": { "station_name": "The Catholic University of America - DC", "street_address": "620 Michigan Avenue Northeast", "city": "Washington", "state": "DC", "zip": "20064", "latitude": 38.938441421206647, "longitude": -76.999896374873472, "ev_network": "Blink Network", "ev_level1_evse_num": null, "ev_level2_evse_num": 2.0, "ev_dc_fast_num": null, "access_code": "public", "facility_type": null }, "geometry": { "type": "Point", "coordinates": [ 326668.037022115895525, 4311847.030566135421395 ] } },
{ "type": "Feature", "properties": { "station_name": "The Westerly", "street_address": "350 Maple Drive SW", "city": "Washington", "state": "DC", "zip": "20024", "latitude": 38.878631052003499, "longitude": -77.016679174730982, "ev_network": "Blink Network", "ev_level1_evse_num": null, "ev_level2_evse_num": 8.0, "ev_dc_fast_num": null, "access_code": "public", "facility_type": null }, "geometry": { "type": "Point", "coordinates": [ 325066.530176328145899, 4305241.096204597502947 ] } },
{ "type": "Feature", "properties": { "station_name": "Kenilworth Pool", "street_address": "4321 Ord St NE", "city": "Washington", "state": "DC", "zip": "20019", "latitude": 38.90835, "longitude": -76.94095, "ev_network": "ChargePoint Network", "ev_level1_evse_num": null, "ev_level2_evse_num": 2.0, "ev_dc_fast_num": null, "access_code": "public", "facility_type": "REC_SPORTS_FACILITY" }, "geometry": { "type": "Point", "coordinates": [ 331706.261090496263932, 4308396.91335884667933 ] } },
{ "type": "Feature", "properties": { "station_name": "Transwestern.Mid-Atlantic", "street_address": "2001 L Street Northwest", "city": "Washington", "state": "DC", "zip": "20036", "latitude": 38.904320341224157, "longitude": -77.045234691092872, "ev_network": "Blink Network", "ev_level1_evse_num": null, "ev_level2_evse_num": 2.0, "ev_dc_fast_num": null, "access_code": "public", "facility_type": null }, "geometry": { "type": "Point", "coordinates": [ 322653.231138204690069, 4308147.338610695675015 ] } },
{ "type": "Feature", "properties": { "station_name": "RG-1101K", "street_address": "1101 K Street Northwest", "city": "Washington", "state": "DC", "zip": "20005", "latitude": 38.903038932284673, "longitude": -77.027748832400619, "ev_network": "Blink Network", "ev_level1_evse_num": null, "ev_level2_evse_num": 4.0, "ev_dc_fast_num": null, "access_code": "public", "facility_type": null }, "geometry": { "type": "Point", "coordinates": [ 324166.441573400748894, 4307971.259668144397438 ] } },
{ "type": "Feature", "properties": { "station_name": "777 6th Street, NW", "street_address": "777 6th Street Northwest", "city": "Washington", "state": "DC", "zip": "20001", "latitude": 38.899372, "longitude": -77.0195899, "ev_network": "Blink Network", "ev_level1_evse_num": null, "ev_level2_evse_num": 2.0, "ev_dc_fast_num": null, "access_code": "public", "facility_type": null }, "geometry": { "type": "Point", "coordinates": [ 324864.983072534785606, 4307548.588414909318089 ] } },
{ "type": "Feature", "properties": { "station_name": "WSHDC STATION 1", "street_address": "565 C St NW", "city": "Washington", "state": "DC", "zip": "20001", "latitude": 38.893265, "longitude": -77.018616, "ev_network": "ChargePoint Network", "ev_level1_evse_num": null, "ev_level2_evse_num": 2.0, "ev_dc_fast_num": null, "access_code": "public", "facility_type": null }, "geometry": { "type": "Point", "coordinates": [ 324934.445026167551987, 4306868.940406432375312 ] } },
{ "type": "Feature", "properties": { "station_name": "One Franklin Square Parking Garage", "street_address": "1010 13th St NW", "city": "Washington", "state": "DC", "zip": "19119", "latitude": 38.90294784, "longitude": -77.03004941, "ev_network": "Non-Networked", "ev_level1_evse_num": null, "ev_level2_evse_num": 4.0, "ev_dc_fast_num": null, "access_code": "public", "facility_type": "PARKING_GARAGE" }, "geometry": { "type": "Point", "coordinates": [ 323966.707179895252921, 4307965.588480032980442 ] } },
{ "type": "Feature", "properties": { "station_name": "John Hopkins University", "street_address": "555 Pennsylvania Avenue Northwest", "city": "Washington", "state": "DC", "zip": "20001", "latitude": 38.893252731112263, "longitude": -77.019375360601771, "ev_network": "Blink Network", "ev_level1_evse_num": null, "ev_level2_evse_num": 2.0, "ev_dc_fast_num": null, "access_code": "public", "facility_type": null }, "geometry": { "type": "Point", "coordinates": [ 324868.55309916625265, 4306869.036559833213687 ] } },
{ "type": "Feature", "properties": { "station_name": "RRBPARKING VIP 1", "street_address": "1300 Pennsylvania Avenue NW", "city": "Washington", "state": "DC", "zip": "20004", "latitude": 38.894767, "longitude": -77.02973, "ev_network": "ChargePoint Network", "ev_level1_evse_num": null, "ev_level2_evse_num": 2.0, "ev_dc_fast_num": null, "access_code": "public", "facility_type": null }, "geometry": { "type": "Point", "coordinates": [ 323974.200902883079834, 4307057.029425285756588 ] } },
{ "type": "Feature", "properties": { "station_name": "RRBPARKING VIP 3", "street_address": "1300 Pennsylvania Avenue NW", "city": "Washington", "state": "DC", "zip": "20004", "latitude": 38.894903, "longitude": -77.029814, "ev_network": "ChargePoint Network", "ev_level1_evse_num": null, "ev_level2_evse_num": 2.0, "ev_dc_fast_num": null, "access_code": "public", "facility_type": null }, "geometry": { "type": "Point", "coordinates": [ 323967.251349944854155, 4307072.285367473959923 ] } },
{ "type": "Feature", "properties": { "station_name": "RRBPARKING VIP 2", "street_address": "1300 Pennsylvania Avenue NW", "city": "Washington", "state": "DC", "zip": "20004", "latitude": 38.895006, "longitude": -77.02963, "ev_network": "ChargePoint Network", "ev_level1_evse_num": null, "ev_level2_evse_num": 2.0, "ev_dc_fast_num": null, "access_code": "public", "facility_type": null }, "geometry": { "type": "Point", "coordinates": [ 323983.464283314591739, 4307083.361592984758317 ] } },
{ "type": "Feature", "properties": { "station_name": "RRBPARKING 14ST 5", "street_address": "1300 Pennsylvania Ave NW", "city": "Washington", "state": "DC", "zip": "20004", "latitude": 38.894375, "longitude": -77.030753, "ev_network": "ChargePoint Network", "ev_level1_evse_num": null, "ev_level2_evse_num": 2.0, "ev_dc_fast_num": null, "access_code": "public", "facility_type": null }, "geometry": { "type": "Point", "coordinates": [ 323884.505963729054201, 4307015.49861469399184 ] } },
{ "type": "Feature", "properties": { "station_name": "RRBPARKING 14ST 4", "street_address": "1300 Pennsylvania Avenue NW", "city": "Washington", "state": "DC", "zip": "20004", "latitude": 38.892992, "longitude": -77.030357, "ev_network": "ChargePoint Network", "ev_level1_evse_num": null, "ev_level2_evse_num": 2.0, "ev_dc_fast_num": null, "access_code": "public", "facility_type": null }, "geometry": { "type": "Point", "coordinates": [ 323915.4352637976408, 4306861.243228641338646 ] } },
{ "type": "Feature", "properties": { "station_name": "Cathedral Commons - Tesla Supercharger", "street_address": "3401 Idaho Ave NW", "city": "Washington", "state": "DC", "zip": "20016", "latitude": 38.93424, "longitude": -77.07292, "ev_network": "Tesla", "ev_level1_evse_num": null, "ev_level2_evse_num": null, "ev_dc_fast_num": 8.0, "access_code": "public", "facility_type": null }, "geometry": { "type": "Point", "coordinates": [ 320327.862494828412309, 4311522.182253963313997 ] } },
{ "type": "Feature", "properties": { "station_name": "Akridge", "street_address": "900 7th Street NW", "city": "Washington", "state": "DC", "zip": "20001", "latitude": 38.9020131, "longitude": -77.0227351, "ev_network": "Blink Network", "ev_level1_evse_num": null, "ev_level2_evse_num": 4.0, "ev_dc_fast_num": null, "access_code": "public", "facility_type": null }, "geometry": { "type": "Point", "coordinates": [ 324598.714156037312932, 4307847.752959568984807 ] } },
{ "type": "Feature", "properties": { "station_name": "RRBPARKING 14ST 6", "street_address": "1300 Pennsylvania Avenue NW", "city": "Washington", "state": "DC", "zip": "20004", "latitude": 38.893516, "longitude": -77.030955, "ev_network": "ChargePoint Network", "ev_level1_evse_num": null, "ev_level2_evse_num": 2.0, "ev_dc_fast_num": null, "access_code": "public", "facility_type": null }, "geometry": { "type": "Point", "coordinates": [ 323864.863386836950667, 4306920.553475161083043 ] } },
{ "type": "Feature", "properties": { "station_name": "Franklin Tower", "street_address": "1401 I Street NW", "city": "Washington", "state": "DC", "zip": "20005", "latitude": 38.90144, "longitude": -77.0322, "ev_network": "Blink Network", "ev_level1_evse_num": null, "ev_level2_evse_num": 2.0, "ev_dc_fast_num": null, "access_code": "public", "facility_type": null }, "geometry": { "type": "Point", "coordinates": [ 323776.475627028383315, 4307802.395980768837035 ] } },
{ "type": "Feature", "properties": { "station_name": "SCD 1700M LLC", "street_address": "1150 17th Street Northwest", "city": "Washington", "state": "DC", "zip": "20036", "latitude": 38.905512677306227, "longitude": -77.039193247742148, "ev_network": "Blink Network", "ev_level1_evse_num": null, "ev_level2_evse_num": 19.0, "ev_dc_fast_num": null, "access_code": "public", "facility_type": null }, "geometry": { "type": "Point", "coordinates": [ 323180.104259519954212, 4308267.93642872851342 ] } },
{ "type": "Feature", "properties": { "station_name": "ELEVATION CHARGER #4", "street_address": "100 Florida Ave NE", "city": "Washington", "state": "DC", "zip": "20002", "latitude": 38.908939, "longitude": -77.003598, "ev_network": "ChargePoint Network", "ev_level1_evse_num": null, "ev_level2_evse_num": 2.0, "ev_dc_fast_num": null, "access_code": "public", "facility_type": null }, "geometry": { "type": "Point", "coordinates": [ 326275.219420781475492, 4308579.780156511813402 ] } },
{ "type": "Feature", "properties": { "station_name": "Margarite", "street_address": "1280 Union Street Northeast", "city": "Washington", "state": "DC", "zip": "20002", "latitude": 38.909688941996947, "longitude": -77.000698762368003, "ev_network": "Blink Network", "ev_level1_evse_num": null, "ev_level2_evse_num": 6.0, "ev_dc_fast_num": null, "access_code": "public", "facility_type": null }, "geometry": { "type": "Point", "coordinates": [ 326528.449881582695525, 4308657.491505115292966 ] } },
{ "type": "Feature", "properties": { "station_name": "Sursum Corda - Parking Lot", "street_address": "1112 First Ter NW", "city": "Washington", "state": "DC", "zip": "20036", "latitude": 38.90429, "longitude": -77.012001, "ev_network": "EVOKE", "ev_level1_evse_num": null, "ev_level2_evse_num": 7.0, "ev_dc_fast_num": null, "access_code": "public", "facility_type": "MULTI_UNIT_DWELLING" }, "geometry": { "type": "Point", "coordinates": [ 325535.177616158733144, 4308079.860263895243406 ] } },
{ "type": "Feature", "properties": { "station_name": "Washington, DC - 130 M Street Northeast - Tesla Destination", "street_address": "130 M St NE", "city": "Washington", "state": "DC", "zip": "20002", "latitude": 38.90605, "longitude": -77.00506, "ev_network": "Tesla Destination", "ev_level1_evse_num": null, "ev_level2_evse_num": 2.0, "ev_dc_fast_num": null, "access_code": "public", "facility_type": null }, "geometry": { "type": "Point", "coordinates": [ 326141.393531768815592, 4308261.934574893675745 ] } },
{ "type": "Feature", "properties": { "station_name": "14 Kennedy Street, NW, Washington, DC 20011", "street_address": "14 Kennedy Street NW", "city": "Washington", "state": "DC", "zip": "20011", "latitude": 38.956478, "longitude": -77.010561, "ev_network": "EV Connect", "ev_level1_evse_num": null, "ev_level2_evse_num": 1.0, "ev_dc_fast_num": null, "access_code": "public", "facility_type": null }, "geometry": { "type": "Point", "coordinates": [ 325787.823024910641834, 4313869.153056716546416 ] } },
{ "type": "Feature", "properties": { "station_name": "1200 New Hampshire Ave. NW. Garage - Lot 729", "street_address": "2146 M St. NW.", "city": "Washington", "state": "DC", "zip": "20037", "latitude": 38.905336130818533, "longitude": -77.047970406711116, "ev_network": "FLASH", "ev_level1_evse_num": null, "ev_level2_evse_num": 4.0, "ev_dc_fast_num": null, "access_code": "public", "facility_type": "PUBLIC" }, "geometry": { "type": "Point", "coordinates": [ 322418.521539280889556, 4308265.399691773578525 ] } },
{ "type": "Feature", "properties": { "station_name": "Zone 9 Ramp E", "street_address": "1849 C Street, NW Mail Stop 1530", "city": "Washington", "state": "DC", "zip": "20240", "latitude": 38.89448, "longitude": -77.04241, "ev_network": "VIALYNK", "ev_level1_evse_num": null, "ev_level2_evse_num": 2.0, "ev_dc_fast_num": null, "access_code": "public", "facility_type": null }, "geometry": { "type": "Point", "coordinates": [ 322873.731292774784379, 4307049.72608692292124 ] } },
{ "type": "Feature", "properties": { "station_name": "Zone 1 Ramp A", "street_address": "1849 C Street, NW Mail Stop 1530", "city": "Washington", "state": "DC", "zip": "20240", "latitude": 38.89448, "longitude": -77.04241, "ev_network": "VIALYNK", "ev_level1_evse_num": null, "ev_level2_evse_num": 2.0, "ev_dc_fast_num": null, "access_code": "public", "facility_type": null }, "geometry": { "type": "Point", "coordinates": [ 322873.731292774784379, 4307049.72608692292124 ] } },
{ "type": "Feature", "properties": { "station_name": "Zone 7 Ramp G", "street_address": "1849 C Street, NW Mail Stop 1530", "city": "Washington", "state": "DC", "zip": "20240", "latitude": 38.89448, "longitude": -77.04241, "ev_network": "VIALYNK", "ev_level1_evse_num": null, "ev_level2_evse_num": 2.0, "ev_dc_fast_num": null, "access_code": "public", "facility_type": null }, "geometry": { "type": "Point", "coordinates": [ 322873.731292774784379, 4307049.72608692292124 ] } },
{ "type": "Feature", "properties": { "station_name": "Zone 2 Ramp B", "street_address": "1849 C Street, NW Mail Stop 1530", "city": "Washington", "state": "DC", "zip": "20240", "latitude": 38.89448, "longitude": -77.04241, "ev_network": "VIALYNK", "ev_level1_evse_num": null, "ev_level2_evse_num": 2.0, "ev_dc_fast_num": null, "access_code": "public", "facility_type": null }, "geometry": { "type": "Point", "coordinates": [ 322873.731292774784379, 4307049.72608692292124 ] } },
{ "type": "Feature", "properties": { "station_name": "20 M Street", "street_address": "20 M Street Southeast", "city": "Washington", "state": "DC", "zip": "20003", "latitude": 38.876967895122483, "longitude": -77.007762132401922, "ev_network": "Blink Network", "ev_level1_evse_num": null, "ev_level2_evse_num": 4.0, "ev_dc_fast_num": null, "access_code": "public", "facility_type": null }, "geometry": { "type": "Point", "coordinates": [ 325836.030621258425526, 4305039.454184549860656 ] } },
{ "type": "Feature", "properties": { "station_name": "HILLWOOD MUSEUM PARKING_DECK", "street_address": "4155 Linnean Ave NW", "city": "Washington", "state": "DC", "zip": "20008", "latitude": 38.944383, "longitude": -77.052708, "ev_network": "ChargePoint Network", "ev_level1_evse_num": null, "ev_level2_evse_num": 2.0, "ev_dc_fast_num": null, "access_code": "public", "facility_type": null }, "geometry": { "type": "Point", "coordinates": [ 322105.273656643519644, 4312608.245556933805346 ] } },
{ "type": "Feature", "properties": { "station_name": "1111 19th St. NW. Garage", "street_address": "1111 19th St. NW.", "city": "Washington", "state": "DC", "zip": "20036", "latitude": 38.904526271681107, "longitude": -77.043281905353069, "ev_network": "FLASH", "ev_level1_evse_num": null, "ev_level2_evse_num": 2.0, "ev_dc_fast_num": null, "access_code": "public", "facility_type": "PUBLIC" }, "geometry": { "type": "Point", "coordinates": [ 322823.088871348067187, 4308166.397473980672657 ] } },
{ "type": "Feature", "properties": { "station_name": "Washington Square - Central Parking (Series)", "street_address": "1050 Connecticut Ave NW", "city": "Washington", "state": "DC", "zip": "20036", "latitude": 38.903332, "longitude": -77.04045, "ev_network": "Blink Network", "ev_level1_evse_num": null, "ev_level2_evse_num": 4.0, "ev_dc_fast_num": null, "access_code": "public", "facility_type": null }, "geometry": { "type": "Point", "coordinates": [ 323065.70532580348663, 4308028.353373498655856 ] } },
{ "type": "Feature", "properties": { "station_name": "1800 M St. NW. Garage", "street_address": "1152 18th St. NW.", "city": "Washington", "state": "DC", "zip": "20036", "latitude": 38.904739173689642, "longitude": -77.041774503886714, "ev_network": "FLASH", "ev_level1_evse_num": null, "ev_level2_evse_num": 4.0, "ev_dc_fast_num": null, "access_code": "public", "facility_type": "PUBLIC" }, "geometry": { "type": "Point", "coordinates": [ 322954.339406014129054, 4308187.09836480114609 ] } },
{ "type": "Feature", "properties": { "station_name": "Franklin Court", "street_address": "1099 14th Street Northwest", "city": "Washington", "state": "DC", "zip": "20005", "latitude": 38.9034024, "longitude": -77.0314923, "ev_network": "Blink Network", "ev_level1_evse_num": null, "ev_level2_evse_num": 2.0, "ev_dc_fast_num": null, "access_code": "public", "facility_type": null }, "geometry": { "type": "Point", "coordinates": [ 323842.701332248281687, 4308018.823820986784995 ] } },
{ "type": "Feature", "properties": { "station_name": "1441 EV CHARGER #1", "street_address": "1441 Rhode Island Ave NW", "city": "Washington", "state": "DC", "zip": "20005", "latitude": 38.908596, "longitude": -77.03376, "ev_network": "ChargePoint Network", "ev_level1_evse_num": null, "ev_level2_evse_num": 1.0, "ev_dc_fast_num": null, "access_code": "public", "facility_type": null }, "geometry": { "type": "Point", "coordinates": [ 323658.899347369559109, 4308599.614579294808209 ] } },
{ "type": "Feature", "properties": { "station_name": "ST. ELIZABETH P CHARGER-003", "street_address": "1100 Oak Dr SE", "city": "Washington", "state": "DC", "zip": "20020", "latitude": 38.84785, "longitude": -76.99128, "ev_network": "ChargePoint Network", "ev_level1_evse_num": null, "ev_level2_evse_num": 2.0, "ev_dc_fast_num": null, "access_code": "public", "facility_type": null }, "geometry": { "type": "Point", "coordinates": [ 327195.403419188107364, 4301776.534631744027138 ] } },
{ "type": "Feature", "properties": { "station_name": "ST. ELIZABETH P CHARGER-002", "street_address": "1100 Oak Dr SE", "city": "Washington", "state": "DC", "zip": "20020", "latitude": 38.84781, "longitude": -76.99124, "ev_network": "ChargePoint Network", "ev_level1_evse_num": null, "ev_level2_evse_num": 2.0, "ev_dc_fast_num": null, "access_code": "public", "facility_type": null }, "geometry": { "type": "Point", "coordinates": [ 327198.778133107989561, 4301772.019618802703917 ] } },
{ "type": "Feature", "properties": { "station_name": "InterAmerican Development Bank", "street_address": "1300 New York Avenue Northwest", "city": "Washington", "state": "DC", "zip": "20577", "latitude": 38.8998342896937, "longitude": -77.030372245834442, "ev_network": "Blink Network", "ev_level1_evse_num": null, "ev_level2_evse_num": 8.0, "ev_dc_fast_num": null, "access_code": "public", "facility_type": null }, "geometry": { "type": "Point", "coordinates": [ 323931.017284127534367, 4307620.657257046550512 ] } },
{ "type": "Feature", "properties": { "station_name": "One Florida Ave", "street_address": "1 Florida Avenue Northeast", "city": "Washington", "state": "DC", "zip": "20002", "latitude": 38.9106616, "longitude": -77.0087085, "ev_network": "NOODOE", "ev_level1_evse_num": null, "ev_level2_evse_num": 2.0, "ev_dc_fast_num": null, "access_code": "public", "facility_type": null }, "geometry": { "type": "Point", "coordinates": [ 325836.279251993924845, 4308780.710706225596368 ] } },
{ "type": "Feature", "properties": { "station_name": "2112 Penn - Lot 948", "street_address": "2112 Pennsylvania Ave NW", "city": "Washington", "state": "DC", "zip": "20037", "latitude": 38.901206, "longitude": -77.047898, "ev_network": "AUTEL", "ev_level1_evse_num": null, "ev_level2_evse_num": 2.0, "ev_dc_fast_num": null, "access_code": "public", "facility_type": "PAY_GARAGE" }, "geometry": { "type": "Point", "coordinates": [ 322414.507079133822117, 4307806.878755988553166 ] } },
{ "type": "Feature", "properties": { "station_name": "1776 EYE SPE LL EYE SPE LLC", "street_address": "1776 eye St NW", "city": "Washington", "state": "DC", "zip": "20006", "latitude": 38.897218, "longitude": -77.041302, "ev_network": "ChargePoint Network", "ev_level1_evse_num": null, "ev_level2_evse_num": 2.0, "ev_dc_fast_num": null, "access_code": "public", "facility_type": null }, "geometry": { "type": "Point", "coordinates": [ 322976.631127740605734, 4307351.449417937546968 ] } },
{ "type": "Feature", "properties": { "station_name": "1401 Hecht Warehouse Garage", "street_address": "1474 Okie St. NE.", "city": "Washington", "state": "DC", "zip": "20002", "latitude": 38.915291007773632, "longitude": -76.982678264248548, "ev_network": "FLASH", "ev_level1_evse_num": null, "ev_level2_evse_num": 3.0, "ev_dc_fast_num": null, "access_code": "public", "facility_type": "PUBLIC" }, "geometry": { "type": "Point", "coordinates": [ 328104.578966058790684, 4309245.097620592452586 ] } },
{ "type": "Feature", "properties": { "station_name": "Fort Dupont Ice Arena", "street_address": "3779 Ely Place SE", "city": "Washington", "state": "DC", "zip": "20019", "latitude": 38.882608407493919, "longitude": -76.949243775648327, "ev_network": "Blink Network", "ev_level1_evse_num": null, "ev_level2_evse_num": 5.0, "ev_dc_fast_num": null, "access_code": "public", "facility_type": null }, "geometry": { "type": "Point", "coordinates": [ 330926.023234314285219, 4305555.379707055166364 ] } },
{ "type": "Feature", "properties": { "station_name": "1771 N St. NW", "street_address": "1771 N Street Northwest", "city": "Washington", "state": "DC", "zip": "20005", "latitude": 38.9075534, "longitude": -77.0413078, "ev_network": "Blink Network", "ev_level1_evse_num": null, "ev_level2_evse_num": 1.0, "ev_dc_fast_num": null, "access_code": "public", "facility_type": null }, "geometry": { "type": "Point", "coordinates": [ 323001.803439819952473, 4308498.527269866317511 ] } },
{ "type": "Feature", "properties": { "station_name": "750 Ninth Street Owner, LLC", "street_address": "750 9th Street Northwest", "city": "Washington", "state": "DC", "zip": "20001", "latitude": 38.899383, "longitude": -77.024342, "ev_network": "Blink Network", "ev_level1_evse_num": null, "ev_level2_evse_num": 5.0, "ev_dc_fast_num": null, "access_code": "public", "facility_type": null }, "geometry": { "type": "Point", "coordinates": [ 324452.880474855308421, 4307558.946056690067053 ] } },
{ "type": "Feature", "properties": { "station_name": "3883 CONN AVE CPF50-1", "street_address": "3883 Connecticut Ave NW", "city": "Washington", "state": "DC", "zip": "20008", "latitude": 38.940195, "longitude": -77.059802, "ev_network": "ChargePoint Network", "ev_level1_evse_num": null, "ev_level2_evse_num": 1.0, "ev_dc_fast_num": null, "access_code": "public", "facility_type": null }, "geometry": { "type": "Point", "coordinates": [ 321479.919833175721578, 4312157.315457544289529 ] } },
{ "type": "Feature", "properties": { "station_name": "300 12th St", "street_address": "300 12th St", "city": "Washington", "state": "DC", "zip": "20004", "latitude": 38.892084, "longitude": -77.028279, "ev_network": "LOOP", "ev_level1_evse_num": null, "ev_level2_evse_num": 6.0, "ev_dc_fast_num": null, "access_code": "public", "facility_type": "OTHER" }, "geometry": { "type": "Point", "coordinates": [ 324093.427037424291484, 4306756.460153692401946 ] } },
{ "type": "Feature", "properties": { "station_name": "The Hale", "street_address": "1150 First St NE", "city": "Washington", "state": "DC", "zip": "20002", "latitude": 38.90436, "longitude": -77.00629, "ev_network": "LOOP", "ev_level1_evse_num": null, "ev_level2_evse_num": 4.0, "ev_dc_fast_num": null, "access_code": "public", "facility_type": "OTHER" }, "geometry": { "type": "Point", "coordinates": [ 326030.60455213394016, 4308076.71793329063803 ] } },
{ "type": "Feature", "properties": { "station_name": "1330 CONN", "street_address": "1330 Connecticut Avenue Northwest", "city": "Washington", "state": "DC", "zip": "20036", "latitude": 38.9079293, "longitude": -77.0427978, "ev_network": "Blink Network", "ev_level1_evse_num": null, "ev_level2_evse_num": 4.0, "ev_dc_fast_num": null, "access_code": "public", "facility_type": null }, "geometry": { "type": "Point", "coordinates": [ 322873.531108059338294, 4308543.139770586043596 ] } },
{ "type": "Feature", "properties": { "station_name": "SQUARE 54", "street_address": "2200 Pennsylvania Ave NW", "city": "Washington", "state": "DC", "zip": "20037", "latitude": 38.9017929, "longitude": -77.0493245, "ev_network": "Blink Network", "ev_level1_evse_num": null, "ev_level2_evse_num": 3.0, "ev_dc_fast_num": null, "access_code": "public", "facility_type": null }, "geometry": { "type": "Point", "coordinates": [ 322292.259159486973658, 4307874.794412514194846 ] } },
{ "type": "Feature", "properties": { "station_name": "District Cab/DOEE 3375 Benning Rd NE", "street_address": "3375 Benning Road Northeast", "city": "Washington", "state": "DC", "zip": "20019", "latitude": 38.8964073, "longitude": -76.9584125, "ev_network": "FLO", "ev_level1_evse_num": null, "ev_level2_evse_num": null, "ev_dc_fast_num": 4.0, "access_code": "public", "facility_type": null }, "geometry": { "type": "Point", "coordinates": [ 330163.554700599983335, 4307103.851696061901748 ] } },
{ "type": "Feature", "properties": { "station_name": "UPPER DECK CHARGER #1", "street_address": "4865 MacArthur Boulevard Northwest", "city": "Washington", "state": "DC", "zip": "20007", "latitude": 38.917936, "longitude": -77.095715, "ev_network": "ChargePoint Network", "ev_level1_evse_num": null, "ev_level2_evse_num": 2.0, "ev_dc_fast_num": null, "access_code": "public", "facility_type": null }, "geometry": { "type": "Point", "coordinates": [ 318310.295210748910904, 4309757.868197115138173 ] } },
{ "type": "Feature", "properties": { "station_name": "UPPER DECK CHARGER #2", "street_address": "4865 MacArthur Boulevard Northwest", "city": "Washington", "state": "DC", "zip": "20007", "latitude": 38.921814, "longitude": -77.089997, "ev_network": "ChargePoint Network", "ev_level1_evse_num": null, "ev_level2_evse_num": 2.0, "ev_dc_fast_num": null, "access_code": "public", "facility_type": null }, "geometry": { "type": "Point", "coordinates": [ 318815.936292653845157, 4310176.887602476403117 ] } },
{ "type": "Feature", "properties": { "station_name": "Safeway Washington #1276", "street_address": "6500 Piney Branch Rd NW", "city": "Washington", "state": "DC", "zip": "20012", "latitude": 38.968882, "longitude": -77.026333, "ev_network": "eVgo Network", "ev_level1_evse_num": null, "ev_level2_evse_num": null, "ev_dc_fast_num": 4.0, "access_code": "public", "facility_type": null }, "geometry": { "type": "Point", "coordinates": [ 324451.710196015308611, 4315276.096316342242062 ] } },
{ "type": "Feature", "properties": { "station_name": "1750 H St. NW. Garage", "street_address": "1750 H Street NW", "city": "Washington", "state": "DC", "zip": "20006", "latitude": 38.900057986977487, "longitude": -77.040628194808974, "ev_network": "FLASH", "ev_level1_evse_num": null, "ev_level2_evse_num": 1.0, "ev_dc_fast_num": null, "access_code": "public", "facility_type": "PUBLIC" }, "geometry": { "type": "Point", "coordinates": [ 323042.121545895293821, 4307665.335346139036119 ] } },
{ "type": "Feature", "properties": { "station_name": "Square 54 Garage", "street_address": "2200 Pennsylvania Ave NW", "city": "Washington", "state": "DC", "zip": "20037", "latitude": 38.901786, "longitude": -77.04937, "ev_network": "FLASH", "ev_level1_evse_num": null, "ev_level2_evse_num": 3.0, "ev_dc_fast_num": null, "access_code": "public", "facility_type": "PUBLIC" }, "geometry": { "type": "Point", "coordinates": [ 322288.296046672796365, 4307874.117290520109236 ] } },
{ "type": "Feature", "properties": { "station_name": "The Kennedy-Warren", "street_address": "3133 Connecticut Avenue Northwest", "city": "Washington", "state": "DC", "zip": "20008", "latitude": 38.932181853758237, "longitude": -77.055658261175594, "ev_network": "Blink Network", "ev_level1_evse_num": null, "ev_level2_evse_num": 3.0, "ev_dc_fast_num": null, "access_code": "public", "facility_type": null }, "geometry": { "type": "Point", "coordinates": [ 321819.023221997777, 4311259.865541145205498 ] } },
{ "type": "Feature", "properties": { "station_name": "FAA - Headquarters Office Building (HDQ 10A)", "street_address": "200 Independence Ave SW", "city": "Washington", "state": "DC", "zip": "20591", "latitude": 38.88668, "longitude": -77.014524, "ev_network": "Non-Networked", "ev_level1_evse_num": null, "ev_level2_evse_num": 1.0, "ev_dc_fast_num": null, "access_code": "private", "facility_type": "FED_GOV" }, "geometry": { "type": "Point", "coordinates": [ 325273.217902532429434, 4306130.266811711713672 ] } },
{ "type": "Feature", "properties": { "station_name": "Tribeca Apartments", "street_address": "40 N Street Northeast", "city": "Washington", "state": "DC", "zip": "20002", "latitude": 38.89893648, "longitude": -77.00824827, "ev_network": "Blink Network", "ev_level1_evse_num": null, "ev_level2_evse_num": 4.0, "ev_dc_fast_num": null, "access_code": "public", "facility_type": null }, "geometry": { "type": "Point", "coordinates": [ 325847.529711076291278, 4307478.533221466466784 ] } },
{ "type": "Feature", "properties": { "station_name": "Engineering Lincoln Property Company", "street_address": "1724 Massachusetts Avenue Northwest", "city": "Washington", "state": "DC", "zip": "20036", "latitude": 38.908042668938343, "longitude": -77.039491232341064, "ev_network": "Blink Network", "ev_level1_evse_num": null, "ev_level2_evse_num": 1.0, "ev_dc_fast_num": null, "access_code": "public", "facility_type": null }, "geometry": { "type": "Point", "coordinates": [ 323160.543515734840184, 4308549.303652415983379 ] } },
{ "type": "Feature", "properties": { "station_name": "HHS/PSC Garage", "street_address": "200 Independence Ave S W", "city": "Washington", "state": "DC", "zip": "20201", "latitude": 38.887044, "longitude": -77.014393, "ev_network": "Non-Networked", "ev_level1_evse_num": null, "ev_level2_evse_num": 7.0, "ev_dc_fast_num": null, "access_code": "private", "facility_type": "FED_GOV" }, "geometry": { "type": "Point", "coordinates": [ 325285.473013037699275, 4306170.41392817068845 ] } },
{ "type": "Feature", "properties": { "station_name": "NCRO: ROCR-KLINGLE MANSION-HEADQUARTERS", "street_address": "3545 Williamsburg Ln NW", "city": "Washington", "state": "DC", "zip": "20008", "latitude": 38.93599, "longitude": -77.05036, "ev_network": "Non-Networked", "ev_level1_evse_num": 4.0, "ev_level2_evse_num": 4.0, "ev_dc_fast_num": null, "access_code": "private", "facility_type": "FED_GOV" }, "geometry": { "type": "Point", "coordinates": [ 322287.818021801998839, 4311672.166242839768529 ] } },
{ "type": "Feature", "properties": { "station_name": "St Elizabeth Campus Gate 4 Garage", "street_address": "1790 Ash St SE", "city": "Washington", "state": "DC", "zip": "20032", "latitude": 38.852127, "longitude": -77.004404, "ev_network": "Non-Networked", "ev_level1_evse_num": null, "ev_level2_evse_num": 4.0, "ev_dc_fast_num": null, "access_code": "private", "facility_type": "FED_GOV" }, "geometry": { "type": "Point", "coordinates": [ 326066.815089151030406, 4302276.130434314720333 ] } },
{ "type": "Feature", "properties": { "station_name": "DOE Forrestal", "street_address": "1000 Independence Ave SW", "city": "Washington", "state": "DC", "zip": "20004", "latitude": 38.88757, "longitude": -77.02513, "ev_network": "Non-Networked", "ev_level1_evse_num": null, "ev_level2_evse_num": 24.0, "ev_dc_fast_num": null, "access_code": "private", "facility_type": "FED_GOV" }, "geometry": { "type": "Point", "coordinates": [ 324355.432995634153485, 4306249.410853564739227 ] } },
{ "type": "Feature", "properties": { "station_name": "NCRO: NAMA - 1100 OHIO DRIVE", "street_address": "1100 Ohio Dr", "city": "Washington", "state": "DC", "zip": "20024", "latitude": 38.8771, "longitude": -77.0352, "ev_network": "Non-Networked", "ev_level1_evse_num": null, "ev_level2_evse_num": 4.0, "ev_dc_fast_num": null, "access_code": "private", "facility_type": "FED_GOV" }, "geometry": { "type": "Point", "coordinates": [ 323456.037961332476698, 4305106.848568648099899 ] } },
{ "type": "Feature", "properties": { "station_name": "Education Parking Garage- LBJ (FOB6)", "street_address": "400 Maryland Ave SW", "city": "Washington", "state": "DC", "zip": "20202", "latitude": 38.886497, "longitude": -77.018948, "ev_network": "Non-Networked", "ev_level1_evse_num": null, "ev_level2_evse_num": 10.0, "ev_dc_fast_num": null, "access_code": "private", "facility_type": "FED_GOV" }, "geometry": { "type": "Point", "coordinates": [ 324889.025343846878968, 4306118.439943172037601 ] } },
{ "type": "Feature", "properties": { "station_name": "Central Heating Plant", "street_address": "325 13th St SW", "city": "Washington DC", "state": "DC", "zip": "20024", "latitude": 38.885654, "longitude": -77.028805, "ev_network": "Non-Networked", "ev_level1_evse_num": null, "ev_level2_evse_num": 4.0, "ev_dc_fast_num": null, "access_code": "private", "facility_type": "FED_GOV" }, "geometry": { "type": "Point", "coordinates": [ 324031.93368219822878, 4306043.84864157717675 ] } },
{ "type": "Feature", "properties": { "station_name": "1800 F Street", "street_address": "1800 F St NW", "city": "Washington DC", "state": "DC", "zip": "20405", "latitude": 38.897117, "longitude": -77.042549, "ev_network": "Non-Networked", "ev_level1_evse_num": null, "ev_level2_evse_num": 8.0, "ev_dc_fast_num": null, "access_code": "private", "facility_type": "FED_GOV" }, "geometry": { "type": "Point", "coordinates": [ 322868.229462769348174, 4307342.661265561357141 ] } },
{ "type": "Feature", "properties": { "station_name": "LOC Madison Bld", "street_address": "101 Independence Ave SE", "city": "Washington", "state": "DC", "zip": "20540", "latitude": 38.88594, "longitude": -77.00473, "ev_network": "Non-Networked", "ev_level1_evse_num": null, "ev_level2_evse_num": 1.0, "ev_dc_fast_num": null, "access_code": "private", "facility_type": "FED_GOV" }, "geometry": { "type": "Point", "coordinates": [ 326120.955756082432345, 4306029.425072769634426 ] } },
{ "type": "Feature", "properties": { "station_name": "NZP", "street_address": "3001 Connecticut Ave NW", "city": "Washington", "state": "DC", "zip": "20008", "latitude": 38.929066, "longitude": -77.054153, "ev_network": "Non-Networked", "ev_level1_evse_num": null, "ev_level2_evse_num": 2.0, "ev_dc_fast_num": null, "access_code": "private", "facility_type": "FED_GOV" }, "geometry": { "type": "Point", "coordinates": [ 321941.714590685616713, 4310911.110719686374068 ] } },
{ "type": "Feature", "properties": { "station_name": "NMAI", "street_address": "300 Maryland Ave SW", "city": "Washington", "state": "DC", "zip": "20560", "latitude": 38.888195, "longitude": -77.015201, "ev_network": "Non-Networked", "ev_level1_evse_num": null, "ev_level2_evse_num": 2.0, "ev_dc_fast_num": null, "access_code": "private", "facility_type": "FED_GOV" }, "geometry": { "type": "Point", "coordinates": [ 325218.208308739238419, 4306299.703949055634439 ] } },
{ "type": "Feature", "properties": { "station_name": "Quad", "street_address": "1100 Jefferson Dr SW", "city": "Washington", "state": "DC", "zip": "20024", "latitude": 38.888573, "longitude": -77.026873, "ev_network": "Non-Networked", "ev_level1_evse_num": null, "ev_level2_evse_num": 2.0, "ev_dc_fast_num": null, "access_code": "private", "facility_type": "FED_GOV" }, "geometry": { "type": "Point", "coordinates": [ 324206.718037199985702, 4306364.085247272625566 ] } },
{ "type": "Feature", "properties": { "station_name": "NMAH", "street_address": "1300 Constitution Ave SW", "city": "Washington", "state": "DC", "zip": "20560", "latitude": 38.892217, "longitude": -76.987879, "ev_network": "Non-Networked", "ev_level1_evse_num": null, "ev_level2_evse_num": 2.0, "ev_dc_fast_num": null, "access_code": "private", "facility_type": "FED_GOV" }, "geometry": { "type": "Point", "coordinates": [ 327597.823500019148923, 4306694.082560690119863 ] } },
{ "type": "Feature", "properties": { "station_name": "NMAAHC", "street_address": "1400 Constitution Ave SW", "city": "Washington", "state": "DC", "zip": "20560", "latitude": 38.891061, "longitude": -77.032588, "ev_network": "Non-Networked", "ev_level1_evse_num": null, "ev_level2_evse_num": 2.0, "ev_dc_fast_num": null, "access_code": "private", "facility_type": "FED_GOV" }, "geometry": { "type": "Point", "coordinates": [ 323717.156989051727578, 4306651.242731395177543 ] } },
{ "type": "Feature", "properties": { "station_name": "NMNH #2", "street_address": "10th and Constitution Ave", "city": "Washington", "state": "DC", "zip": "20560", "latitude": 38.892023, "longitude": -76.991537, "ev_network": "Non-Networked", "ev_level1_evse_num": null, "ev_level2_evse_num": 2.0, "ev_dc_fast_num": null, "access_code": "private", "facility_type": "FED_GOV" }, "geometry": { "type": "Point", "coordinates": [ 327280.079892153502442, 4306679.472290290519595 ] } },
{ "type": "Feature", "properties": { "station_name": "OIG IMPERIAL Parking LLC", "street_address": "1400 K ST NW #6", "city": "Washington", "state": "DC", "zip": "20005", "latitude": 38.902212, "longitude": -77.032308, "ev_network": "Non-Networked", "ev_level1_evse_num": 2.0, "ev_level2_evse_num": 4.0, "ev_dc_fast_num": null, "access_code": "private", "facility_type": "FED_GOV" }, "geometry": { "type": "Point", "coordinates": [ 323769.018824196769856, 4307888.284422390162945 ] } },
{ "type": "Feature", "properties": { "station_name": "Potomac", "street_address": "1 DC Villace Ln SW", "city": "Washington", "state": "DC", "zip": "20019", "latitude": 38.894771, "longitude": -76.959524, "ev_network": "Non-Networked", "ev_level1_evse_num": 3.0, "ev_level2_evse_num": null, "ev_dc_fast_num": null, "access_code": "private", "facility_type": "FED_GOV" }, "geometry": { "type": "Point", "coordinates": [ 330063.254430765518919, 4306924.320658534765244 ] } },
{ "type": "Feature", "properties": { "station_name": "OFAS Udall Building", "street_address": "1849 C St", "city": "Washington", "state": "DC", "zip": "20240", "latitude": 38.89445, "longitude": -77.0426, "ev_network": "Non-Networked", "ev_level1_evse_num": null, "ev_level2_evse_num": 8.0, "ev_dc_fast_num": null, "access_code": "private", "facility_type": "FED_GOV" }, "geometry": { "type": "Point", "coordinates": [ 322857.177652205864433, 4307046.765575379133224 ] } },
{ "type": "Feature", "properties": { "station_name": "NCRO: NAMA - PARK HEADQUARTERS", "street_address": "900 Ohio Dr SW", "city": "Washington", "state": "DC", "zip": "20024", "latitude": 38.8815, "longitude": -77.0326, "ev_network": "Non-Networked", "ev_level1_evse_num": null, "ev_level2_evse_num": 2.0, "ev_dc_fast_num": null, "access_code": "private", "facility_type": "FED_GOV" }, "geometry": { "type": "Point", "coordinates": [ 323692.474321441026405, 4305590.149320184253156 ] } },
{ "type": "Feature", "properties": { "station_name": "Ronald Reagan Building", "street_address": "1300 Pennsylvania Ave NW", "city": "Washington", "state": "DC", "zip": "20004", "latitude": 38.893803, "longitude": -77.031487, "ev_network": "Non-Networked", "ev_level1_evse_num": null, "ev_level2_evse_num": 6.0, "ev_dc_fast_num": null, "access_code": "private", "facility_type": "FED_GOV" }, "geometry": { "type": "Point", "coordinates": [ 323819.430808071512729, 4306953.433384052477777 ] } },
{ "type": "Feature", "properties": { "station_name": "Joint Base Anacosta-Bolling / Phase A / 400A", "street_address": "2872 Defense Blvd", "city": "Washington", "state": "DC", "zip": "20373", "latitude": 38.853285, "longitude": -77.011016, "ev_network": "Non-Networked", "ev_level1_evse_num": null, "ev_level2_evse_num": 4.0, "ev_dc_fast_num": null, "access_code": "private", "facility_type": "FED_GOV" }, "geometry": { "type": "Point", "coordinates": [ 325495.835708768223412, 4302417.267279815860093 ] } },
{ "type": "Feature", "properties": { "station_name": "Joint Base Anacosta-Bolling / BEAM 1", "street_address": "2872 Defense Blvd", "city": "Washington", "state": "DC", "zip": "20373", "latitude": 38.853285, "longitude": -77.011016, "ev_network": "Non-Networked", "ev_level1_evse_num": null, "ev_level2_evse_num": 2.0, "ev_dc_fast_num": null, "access_code": "private", "facility_type": "FED_GOV" }, "geometry": { "type": "Point", "coordinates": [ 325495.835708768223412, 4302417.267279815860093 ] } },
{ "type": "Feature", "properties": { "station_name": "Joint Base Anacosta-Bolling / BEAM 2", "street_address": "2872 Defense Blvd", "city": "Washington", "state": "DC", "zip": "20373", "latitude": 38.853285, "longitude": -77.011016, "ev_network": "Non-Networked", "ev_level1_evse_num": null, "ev_level2_evse_num": 2.0, "ev_dc_fast_num": null, "access_code": "private", "facility_type": "FED_GOV" }, "geometry": { "type": "Point", "coordinates": [ 325495.835708768223412, 4302417.267279815860093 ] } },
{ "type": "Feature", "properties": { "station_name": "HSMG Loading Dock", "street_address": "7th and Independence Ave SW", "city": "Washington", "state": "DC", "zip": "20560", "latitude": 38.887881, "longitude": -77.022087, "ev_network": "Non-Networked", "ev_level1_evse_num": null, "ev_level2_evse_num": 2.0, "ev_dc_fast_num": null, "access_code": "private", "facility_type": "FED_GOV" }, "geometry": { "type": "Point", "coordinates": [ 324620.148483559838496, 4306278.07180970069021 ] } },
{ "type": "Feature", "properties": { "station_name": "NZP #2", "street_address": "3001 Connecticut Ave NW", "city": "Washington", "state": "DC", "zip": "20008", "latitude": 38.929066, "longitude": -77.054153, "ev_network": "Non-Networked", "ev_level1_evse_num": null, "ev_level2_evse_num": 2.0, "ev_dc_fast_num": null, "access_code": "private", "facility_type": "FED_GOV" }, "geometry": { "type": "Point", "coordinates": [ 321941.714590685616713, 4310911.110719686374068 ] } },
{ "type": "Feature", "properties": { "station_name": "NZP #3", "street_address": "3001 Connecticut Ave NW", "city": "Washington", "state": "DC", "zip": "20008", "latitude": 38.929066, "longitude": -77.054153, "ev_network": "Non-Networked", "ev_level1_evse_num": null, "ev_level2_evse_num": 1.0, "ev_dc_fast_num": null, "access_code": "private", "facility_type": "FED_GOV" }, "geometry": { "type": "Point", "coordinates": [ 321941.714590685616713, 4310911.110719686374068 ] } },
{ "type": "Feature", "properties": { "station_name": "NZP #4", "street_address": "3001 Connecticut Ave NW", "city": "Washington", "state": "DC", "zip": "20008", "latitude": 38.929066, "longitude": -77.054153, "ev_network": "Non-Networked", "ev_level1_evse_num": null, "ev_level2_evse_num": 2.0, "ev_dc_fast_num": null, "access_code": "private", "facility_type": "FED_GOV" }, "geometry": { "type": "Point", "coordinates": [ 321941.714590685616713, 4310911.110719686374068 ] } },
{ "type": "Feature", "properties": { "station_name": "ATF Headquarters", "street_address": "99 New York Ave NE", "city": "Washington", "state": "DC", "zip": "20226", "latitude": 38.907857, "longitude": -77.004612, "ev_network": "Non-Networked", "ev_level1_evse_num": null, "ev_level2_evse_num": 6.0, "ev_dc_fast_num": null, "access_code": "private", "facility_type": "FED_GOV" }, "geometry": { "type": "Point", "coordinates": [ 326184.651587479515001, 4308461.628178486600518 ] } },
{ "type": "Feature", "properties": { "station_name": "FPB South Garage C level third parking space 240V charging station", "street_address": "200 Constitution St NW", "city": "Washington", "state": "DC", "zip": "20210", "latitude": 38.8936, "longitude": -77.0148, "ev_network": "Non-Networked", "ev_level1_evse_num": null, "ev_level2_evse_num": 2.0, "ev_dc_fast_num": null, "access_code": "private", "facility_type": "FED_GOV" }, "geometry": { "type": "Point", "coordinates": [ 325266.240087464568205, 4306898.802401136606932 ] } },
{ "type": "Feature", "properties": { "station_name": "FHWA - Headquarters", "street_address": "1200 New Jersey Ave SE", "city": "Washington", "state": "DC", "zip": "20590", "latitude": 38.875651, "longitude": -77.002215, "ev_network": "Non-Networked", "ev_level1_evse_num": null, "ev_level2_evse_num": 6.0, "ev_dc_fast_num": null, "access_code": "private", "facility_type": "FED_GOV" }, "geometry": { "type": "Point", "coordinates": [ 326314.053523377981037, 4304882.72692493069917 ] } },
{ "type": "Feature", "properties": { "station_name": "FMCSA", "street_address": "1200 New Jersey Ave, SE", "city": "Washington", "state": "DC", "zip": "20590", "latitude": 38.875651, "longitude": -77.002215, "ev_network": "Non-Networked", "ev_level1_evse_num": null, "ev_level2_evse_num": 1.0, "ev_dc_fast_num": null, "access_code": "private", "facility_type": "FED_GOV" }, "geometry": { "type": "Point", "coordinates": [ 326314.053523377981037, 4304882.72692493069917 ] } },
{ "type": "Feature", "properties": { "station_name": "NHTSA - HQ", "street_address": "1200 New Jersey Ave SE", "city": "Washington", "state": "DC", "zip": "20590", "latitude": 38.875651, "longitude": -77.002215, "ev_network": "Non-Networked", "ev_level1_evse_num": null, "ev_level2_evse_num": 2.0, "ev_dc_fast_num": null, "access_code": "private", "facility_type": "FED_GOV" }, "geometry": { "type": "Point", "coordinates": [ 326314.053523377981037, 4304882.72692493069917 ] } },
{ "type": "Feature", "properties": { "station_name": "NSA WASHINGTON / OFF NETWORK01", "street_address": "1001 N St SE", "city": "Washington", "state": "DC", "zip": "20374", "latitude": 38.874426, "longitude": -76.992397, "ev_network": "Non-Networked", "ev_level1_evse_num": null, "ev_level2_evse_num": 2.0, "ev_dc_fast_num": null, "access_code": "private", "facility_type": "FED_GOV" }, "geometry": { "type": "Point", "coordinates": [ 327162.839961852296256, 4304728.129511198960245 ] } },
{ "type": "Feature", "properties": { "station_name": "DIA HQ", "street_address": "9800 SAVAGE Rd", "city": "Washington", "state": "DC", "zip": "20340", "latitude": 38.848268, "longitude": -77.012497, "ev_network": "Non-Networked", "ev_level1_evse_num": null, "ev_level2_evse_num": 6.0, "ev_dc_fast_num": null, "access_code": "private", "facility_type": "FED_GOV" }, "geometry": { "type": "Point", "coordinates": [ 325355.038474362809211, 4301863.29786551464349 ] } },
{ "type": "Feature", "properties": { "station_name": "US Dept of the Treasury/HQ", "street_address": "1500 Penn Ave NW", "city": "Washington", "state": "DC", "zip": "20220", "latitude": 38.89815, "longitude": -77.03434, "ev_network": "Non-Networked", "ev_level1_evse_num": null, "ev_level2_evse_num": 1.0, "ev_dc_fast_num": null, "access_code": "private", "facility_type": "FED_GOV" }, "geometry": { "type": "Point", "coordinates": [ 323582.74284767836798, 4307441.395935994572937 ] } },
{ "type": "Feature", "properties": { "station_name": "US Dept of the Treasury/HQ", "street_address": "1500 Penn Ave NW", "city": "Washington", "state": "DC", "zip": "20220", "latitude": 38.89815, "longitude": -77.03434, "ev_network": "Non-Networked", "ev_level1_evse_num": null, "ev_level2_evse_num": 3.0, "ev_dc_fast_num": null, "access_code": "private", "facility_type": "FED_GOV" }, "geometry": { "type": "Point", "coordinates": [ 323582.74284767836798, 4307441.395935994572937 ] } },
{ "type": "Feature", "properties": { "station_name": "BEP", "street_address": "14th St SW", "city": "Washington", "state": "DC", "zip": "20250", "latitude": 38.885703, "longitude": -77.032041, "ev_network": "Non-Networked", "ev_level1_evse_num": 2.0, "ev_level2_evse_num": null, "ev_dc_fast_num": null, "access_code": "private", "facility_type": "FED_GOV" }, "geometry": { "type": "Point", "coordinates": [ 323751.355724739143625, 4306055.534077945165336 ] } },
{ "type": "Feature", "properties": { "station_name": "BEP #2", "street_address": "14th St SW", "city": "Washington", "state": "DC", "zip": "20250", "latitude": 38.885703, "longitude": -77.032041, "ev_network": "Non-Networked", "ev_level1_evse_num": null, "ev_level2_evse_num": 1.0, "ev_dc_fast_num": null, "access_code": "private", "facility_type": "FED_GOV" }, "geometry": { "type": "Point", "coordinates": [ 323751.355724739143625, 4306055.534077945165336 ] } },
{ "type": "Feature", "properties": { "station_name": "City Market at O", "street_address": "800 P St NW", "city": "Washington", "state": "DC", "zip": "20001", "latitude": 38.909186, "longitude": -77.022814, "ev_network": "eVgo Network", "ev_level1_evse_num": null, "ev_level2_evse_num": null, "ev_dc_fast_num": 1.0, "access_code": "public", "facility_type": null }, "geometry": { "type": "Point", "coordinates": [ 324609.53037745913025, 4308643.982075898908079 ] } },
{ "type": "Feature", "properties": { "station_name": "Maza Gallerie", "street_address": "5300 Wisconsin Ave NW", "city": "Washington", "state": "DC", "zip": "20015", "latitude": 38.959950419277, "longitude": -77.0861099025188, "ev_network": "NAYAX_ENERGY", "ev_level1_evse_num": null, "ev_level2_evse_num": 20.0, "ev_dc_fast_num": null, "access_code": "public", "facility_type": "PARKING_GARAGE" }, "geometry": { "type": "Point", "coordinates": [ 319249.846482447872404, 4314401.75955172162503 ] } },
{ "type": "Feature", "properties": { "station_name": "Luther Rice Hall (Old Main Garage)", "street_address": "1922 F Street Northwest", "city": "Washington", "state": "DC", "zip": "20052", "latitude": 38.897117121569288, "longitude": -77.044531889847292, "ev_network": "Blink Network", "ev_level1_evse_num": null, "ev_level2_evse_num": 2.0, "ev_dc_fast_num": null, "access_code": "public", "facility_type": null }, "geometry": { "type": "Point", "coordinates": [ 322696.256111018592492, 4307346.52790073864162 ] } },
{ "type": "Feature", "properties": { "station_name": "itselectric", "street_address": "1640 Columbia Rd NW", "city": "Washington", "state": "DC", "zip": "20009", "latitude": 38.92529, "longitude": -77.03816, "ev_network": "ITSELECTRIC", "ev_level1_evse_num": null, "ev_level2_evse_num": 2.0, "ev_dc_fast_num": null, "access_code": "public", "facility_type": "STANDALONE_STATION" }, "geometry": { "type": "Point", "coordinates": [ 323318.775112798321061, 4310460.907936121337116 ] } },
{ "type": "Feature", "properties": { "station_name": "Aerie", "street_address": "2650 Woodley Rd NW", "city": "Washington", "state": "DC", "zip": "20008", "latitude": 38.9253909, "longitude": -77.0550155, "ev_network": "LOOP", "ev_level1_evse_num": null, "ev_level2_evse_num": 20.0, "ev_dc_fast_num": null, "access_code": "public", "facility_type": "OTHER" }, "geometry": { "type": "Point", "coordinates": [ 321857.748391748464201, 4310504.91573154181242 ] } },
{ "type": "Feature", "properties": { "station_name": "Zephyr at Wardman Park", "street_address": "2601 Calvert St NW", "city": "Washington", "state": "DC", "zip": "20008", "latitude": 38.92352, "longitude": -77.056, "ev_network": "LOOP", "ev_level1_evse_num": null, "ev_level2_evse_num": 14.0, "ev_dc_fast_num": null, "access_code": "public", "facility_type": "OTHER" }, "geometry": { "type": "Point", "coordinates": [ 321767.714220071327873, 4310299.19891451485455 ] } },
{ "type": "Feature", "properties": { "station_name": "Valo Apartments", "street_address": "222 M Street Southwest", "city": "Washington", "state": "DC", "zip": "20024", "latitude": 38.8759, "longitude": -77.014609, "ev_network": "Blink Network", "ev_level1_evse_num": null, "ev_level2_evse_num": 4.0, "ev_dc_fast_num": null, "access_code": "public", "facility_type": null }, "geometry": { "type": "Point", "coordinates": [ 325239.427873200853355, 4304934.027442657388747 ] } },
{ "type": "Feature", "properties": { "station_name": "Kenilworth Recreation Center", "street_address": "4321 Ord Street Northeast", "city": "Washington", "state": "DC", "zip": "20019", "latitude": 38.908302319584728, "longitude": -76.941491592255474, "ev_network": "Blink Network", "ev_level1_evse_num": null, "ev_level2_evse_num": 2.0, "ev_dc_fast_num": null, "access_code": "public", "facility_type": null }, "geometry": { "type": "Point", "coordinates": [ 331659.184813224012032, 4308392.621402802877128 ] } },
{ "type": "Feature", "properties": { "station_name": "2001 M St.", "street_address": "2001 M Street Northwest", "city": "Washington", "state": "DC", "zip": "20036", "latitude": 38.906169, "longitude": -77.045227, "ev_network": "Blink Network", "ev_level1_evse_num": null, "ev_level2_evse_num": 5.0, "ev_dc_fast_num": null, "access_code": "public", "facility_type": null }, "geometry": { "type": "Point", "coordinates": [ 322658.499686545110308, 4308352.495850345119834 ] } },
{ "type": "Feature", "properties": { "station_name": "701 8th St. NW. Garage", "street_address": "701 8th St. NW.", "city": "Washington", "state": "DC", "zip": "20001", "latitude": 38.899005663754437, "longitude": -77.022763953299247, "ev_network": "FLASH", "ev_level1_evse_num": null, "ev_level2_evse_num": 2.0, "ev_dc_fast_num": null, "access_code": "public", "facility_type": "PUBLIC" }, "geometry": { "type": "Point", "coordinates": [ 324588.809057428734377, 4307514.031319935806096 ] } }
]
}
